Source,Target
n0,n10
n0,n103
n0,n73
n0,n100
n0,n50
n0,n25
n0,n70
n0,n19
n0,n61
n0,n99
n0,n95
n0,n38
n0,n41
n0,n87
n0,n68
n0,n56
n0,n2
n0,n6
n0,n51
n0,n93
n0,n14
n0,n11
n0,n26
n0,n89
n0,n17
n0,n22
n0,n20
n0,n39
n0,n66
n0,n62
n0,n96
n0,n60
n0,n54
n0,n47
n0,n40
n0,n88
n0,n9
n0,n4
n0,n18
n0,n23
n0,n81
n0,n34
n0,n754
n0,n42
n0,n52
n0,n45
n0,n43
n0,n69
n0,n85
n0,n84
n0,n83
n0,n86
n0,n74
n0,n8
n0,n64
n0,n67
n0,n71
n0,n15
n0,n98
n0,n1
n0,n16
n0,n32
n0,n102
n0,n53
n0,n90
n0,n48
n0,n75
n0,n80
n0,n77
n0,n79
n0,n5
n0,n92
n0,n21
n0,n49
n0,n78
n0,n46
n0,n35
n0,n28
n0,n59
n0,n44
n0,n55
n0,n24
n0,n63
n0,n30
n0,n31
n0,n58
n0,n101
n0,n72
n0,n91
n0,n13
n0,n37
n0,n76
n0,n94
n0,n3
n0,n7
n0,n36
n0,n65
n0,n57
n0,n27
n0,n97
n0,n12
n0,n29
n0,n33
n0,n82
n104,n138
n104,n129
n104,n125
n104,n151
n104,n106
n104,n134
n104,n111
n104,n107
n104,n147
n104,n137
n104,n120
n104,n130
n104,n149
n104,n141
n104,n150
n104,n117
n104,n105
n104,n154
n104,n114
n104,n110
n104,n135
n104,n148
n104,n131
n104,n136
n104,n152
n104,n140
n104,n113
n104,n118
n104,n133
n104,n153
n104,n123
n104,n121
n104,n119
n104,n139
n104,n127
n104,n128
n104,n116
n104,n126
n104,n143
n104,n146
n104,n108
n104,n124
n104,n142
n104,n132
n104,n122
n104,n144
n104,n115
n104,n145
n104,n109
n104,n112
n155,n157
n155,n156
n155,n158
n159,n163
n159,n160
n159,n169
n159,n179
n159,n186
n159,n166
n159,n171
n159,n192
n159,n162
n159,n167
n159,n176
n159,n195
n159,n181
n159,n194
n159,n164
n159,n177
n159,n193
n159,n182
n159,n187
n159,n174
n159,n180
n159,n191
n159,n175
n159,n178
n159,n189
n159,n173
n159,n185
n159,n161
n159,n184
n159,n172
n159,n65
n159,n188
n159,n168
n159,n196
n159,n190
n159,n170
n159,n165
n159,n183
n197,n210
n197,n262
n197,n273
n197,n237
n197,n234
n197,n225
n197,n265
n197,n216
n197,n213
n197,n260
n197,n244
n197,n254
n197,n257
n197,n236
n197,n249
n197,n270
n197,n266
n197,n247
n197,n271
n197,n272
n197,n263
n197,n242
n197,n215
n197,n211
n197,n198
n197,n224
n197,n199
n197,n214
n197,n206
n197,n232
n197,n220
n197,n246
n197,n218
n197,n250
n197,n256
n197,n275
n197,n243
n197,n207
n197,n274
n197,n208
n197,n231
n197,n200
n197,n277
n197,n269
n197,n238
n197,n219
n197,n205
n197,n253
n197,n252
n197,n241
n197,n276
n197,n278
n197,n229
n197,n203
n197,n264
n197,n268
n197,n209
n197,n4757
n197,n235
n197,n202
n197,n223
n197,n245
n197,n279
n197,n259
n197,n226
n197,n227
n197,n233
n197,n248
n197,n239
n197,n261
n197,n201
n197,n240
n197,n212
n197,n230
n197,n217
n197,n228
n197,n255
n197,n204
n197,n258
n197,n221
n197,n267
n197,n222
n197,n251
n280,n285
n280,n293
n280,n294
n280,n281
n280,n301
n280,n282
n280,n291
n280,n295
n280,n304
n280,n290
n280,n296
n280,n288
n280,n303
n280,n287
n280,n292
n280,n283
n280,n289
n280,n302
n280,n305
n280,n286
n280,n299
n280,n300
n280,n298
n280,n297
n280,n284
n306,n375
n306,n352
n306,n310
n306,n358
n306,n359
n306,n368
n306,n377
n306,n315
n306,n331
n306,n385
n306,n366
n306,n386
n306,n382
n306,n323
n306,n344
n306,n388
n306,n318
n306,n347
n306,n309
n306,n364
n306,n374
n306,n307
n306,n349
n306,n372
n306,n376
n306,n311
n306,n343
n306,n337
n306,n341
n306,n361
n306,n371
n306,n367
n306,n369
n306,n354
n306,n312
n306,n346
n306,n348
n306,n345
n306,n324
n306,n350
n306,n373
n306,n313
n306,n328
n306,n327
n306,n317
n306,n332
n306,n321
n306,n381
n306,n353
n306,n383
n306,n316
n306,n362
n306,n365
n306,n379
n306,n342
n306,n329
n306,n360
n306,n384
n306,n339
n306,n357
n306,n314
n306,n330
n306,n326
n306,n370
n306,n340
n306,n335
n306,n320
n306,n325
n306,n380
n306,n351
n306,n338
n306,n378
n306,n333
n306,n387
n306,n308
n306,n319
n306,n336
n306,n355
n306,n334
n306,n389
n306,n322
n306,n356
n306,n363
n390,n411
n390,n418
n390,n424
n390,n434
n390,n419
n390,n425
n390,n431
n390,n398
n390,n420
n390,n395
n390,n409
n390,n392
n390,n432
n390,n393
n390,n417
n390,n394
n390,n405
n390,n414
n390,n410
n390,n422
n390,n435
n390,n429
n390,n396
n390,n415
n390,n75
n390,n406
n390,n413
n390,n428
n390,n426
n390,n121
n390,n412
n390,n402
n390,n400
n390,n416
n390,n401
n390,n399
n390,n423
n390,n397
n390,n433
n390,n407
n390,n391
n390,n430
n390,n175
n390,n421
n390,n403
n390,n408
n390,n427
n390,n404
n436,n448
n436,n450
n436,n453
n436,n444
n436,n445
n436,n437
n436,n441
n436,n454
n436,n446
n436,n438
n436,n442
n436,n452
n436,n457
n436,n458
n436,n456
n436,n440
n436,n443
n436,n439
n436,n451
n436,n447
n436,n455
n436,n449
n459,n496
n459,n501
n459,n509
n459,n498
n459,n462
n459,n480
n459,n477
n459,n475
n459,n482
n459,n508
n459,n470
n459,n473
n459,n464
n459,n491
n459,n497
n459,n517
n459,n519
n459,n472
n459,n460
n459,n503
n459,n478
n459,n492
n459,n601
n459,n474
n459,n468
n459,n469
n459,n466
n459,n471
n459,n502
n459,n506
n459,n463
n459,n512
n459,n465
n459,n510
n459,n489
n459,n479
n459,n486
n459,n467
n459,n518
n459,n483
n459,n487
n459,n505
n459,n476
n459,n507
n459,n481
n459,n504
n459,n484
n459,n4757
n459,n485
n459,n494
n459,n515
n459,n514
n459,n511
n459,n500
n459,n488
n459,n490
n459,n516
n459,n461
n459,n499
n459,n493
n459,n495
n459,n513
n520,n520
n521,n574
n521,n583
n521,n541
n521,n572
n521,n559
n521,n554
n521,n580
n521,n542
n521,n566
n521,n569
n521,n587
n521,n543
n521,n591
n521,n83
n521,n525
n521,n534
n521,n564
n521,n549
n521,n533
n521,n551
n521,n562
n521,n544
n521,n528
n521,n535
n521,n590
n521,n582
n521,n527
n521,n538
n521,n532
n521,n575
n521,n563
n521,n570
n521,n548
n521,n561
n521,n568
n521,n536
n521,n546
n521,n557
n521,n567
n521,n576
n521,n565
n521,n550
n521,n530
n521,n553
n521,n524
n521,n581
n521,n526
n521,n522
n521,n560
n521,n556
n521,n577
n521,n529
n521,n555
n521,n585
n521,n523
n521,n531
n521,n588
n521,n547
n521,n573
n521,n579
n521,n586
n521,n589
n521,n578
n521,n537
n521,n558
n521,n539
n521,n552
n521,n584
n521,n540
n521,n545
n521,n571
n592,n598
n592,n501
n592,n509
n592,n498
n592,n630
n592,n622
n592,n625
n592,n594
n592,n610
n592,n612
n592,n511
n592,n597
n592,n480
n592,n623
n592,n599
n592,n615
n592,n609
n592,n508
n592,n618
n592,n595
n592,n614
n592,n491
n592,n497
n592,n593
n592,n519
n592,n619
n592,n616
n592,n627
n592,n492
n592,n611
n592,n474
n592,n602
n592,n624
n592,n617
n592,n601
n592,n605
n592,n613
n592,n606
n592,n471
n592,n596
n592,n603
n592,n626
n592,n621
n592,n467
n592,n628
n592,n507
n592,n604
n592,n608
n592,n600
n592,n514
n592,n461
n592,n620
n592,n629
n592,n607
n631,n734
n631,n664
n631,n742
n631,n730
n631,n632
n631,n677
n631,n685
n631,n655
n631,n708
n631,n693
n631,n718
n631,n747
n631,n648
n631,n687
n631,n752
n631,n679
n631,n663
n631,n740
n631,n720
n631,n658
n631,n709
n631,n755
n631,n761
n631,n690
n631,n692
n631,n662
n631,n745
n631,n661
n631,n646
n631,n651
n631,n732
n631,n721
n631,n686
n631,n728
n631,n735
n631,n729
n631,n768
n631,n636
n631,n682
n631,n719
n631,n671
n631,n744
n631,n717
n631,n654
n631,n699
n631,n700
n631,n680
n631,n712
n631,n647
n631,n678
n631,n676
n631,n731
n631,n684
n631,n641
n631,n727
n631,n750
n631,n665
n631,n674
n631,n739
n631,n741
n631,n644
n631,n683
n631,n769
n631,n713
n631,n743
n631,n657
n631,n637
n631,n696
n631,n697
n631,n703
n631,n673
n631,n702
n631,n704
n631,n737
n631,n759
n631,n714
n631,n753
n631,n762
n631,n635
n631,n695
n631,n766
n631,n675
n631,n754
n631,n751
n631,n758
n631,n767
n631,n638
n631,n724
n631,n746
n631,n723
n631,n763
n631,n749
n631,n756
n631,n691
n631,n764
n631,n672
n631,n670
n631,n689
n631,n640
n631,n705
n631,n643
n631,n733
n631,n645
n631,n725
n631,n738
n631,n669
n631,n698
n631,n711
n631,n701
n631,n656
n631,n219
n631,n400
n631,n667
n631,n707
n631,n634
n631,n736
n631,n760
n631,n659
n631,n688
n631,n757
n631,n649
n631,n666
n631,n765
n631,n716
n631,n710
n631,n653
n631,n748
n631,n706
n631,n639
n631,n722
n631,n660
n631,n652
n631,n715
n631,n650
n631,n694
n631,n633
n631,n681
n631,n726
n631,n642
n631,n668
n770,n799
n770,n852
n770,n810
n770,n822
n770,n823
n770,n843
n770,n806
n770,n777
n770,n821
n770,n781
n770,n824
n770,n786
n770,n837
n770,n794
n770,n826
n770,n782
n770,n851
n770,n812
n770,n836
n770,n828
n770,n771
n770,n829
n770,n825
n770,n842
n770,n813
n770,n848
n770,n780
n770,n798
n770,n820
n770,n763
n770,n808
n770,n814
n770,n840
n770,n831
n770,n797
n770,n816
n770,n853
n770,n772
n770,n819
n770,n804
n770,n789
n770,n809
n770,n775
n770,n807
n770,n785
n770,n219
n770,n784
n770,n795
n770,n834
n770,n832
n770,n847
n770,n835
n770,n778
n770,n800
n770,n793
n770,n802
n770,n839
n770,n833
n770,n844
n770,n830
n770,n817
n770,n790
n770,n827
n770,n779
n770,n4757
n770,n788
n770,n805
n770,n838
n770,n841
n770,n850
n770,n791
n770,n787
n770,n815
n770,n65
n770,n845
n770,n846
n770,n773
n770,n811
n770,n792
n770,n803
n770,n4737
n770,n818
n770,n783
n770,n849
n770,n801
n770,n774
n770,n796
n770,n776
n854,n863
n854,n884
n854,n870
n854,n859
n854,n875
n854,n883
n854,n891
n854,n894
n854,n886
n854,n872
n854,n890
n854,n860
n854,n867
n854,n866
n854,n882
n854,n879
n854,n871
n854,n876
n854,n873
n854,n902
n854,n861
n854,n5925
n854,n857
n854,n855
n854,n887
n854,n903
n854,n856
n854,n881
n854,n772
n854,n858
n854,n880
n854,n901
n854,n862
n854,n874
n854,n900
n854,n869
n854,n897
n854,n892
n854,n899
n854,n864
n854,n895
n854,n877
n854,n885
n854,n904
n854,n888
n854,n878
n854,n865
n854,n889
n854,n896
n854,n898
n854,n893
n854,n868
n905,n906
n907,n915
n907,n956
n907,n938
n907,n968
n907,n920
n907,n914
n907,n910
n907,n926
n907,n946
n907,n908
n907,n913
n907,n919
n907,n959
n907,n960
n907,n909
n907,n951
n907,n916
n907,n940
n907,n948
n907,n918
n907,n931
n907,n967
n907,n912
n907,n942
n907,n947
n907,n944
n907,n962
n907,n925
n907,n964
n907,n917
n907,n933
n907,n963
n907,n935
n907,n943
n907,n936
n907,n966
n907,n932
n907,n941
n907,n957
n907,n922
n907,n965
n907,n949
n907,n958
n907,n937
n907,n950
n907,n954
n907,n945
n907,n955
n907,n929
n907,n924
n907,n934
n907,n939
n907,n911
n907,n921
n907,n961
n907,n930
n907,n923
n907,n927
n907,n952
n907,n953
n907,n928
n969,n982
n969,n987
n969,n998
n969,n991
n969,n1005
n969,n1006
n969,n984
n969,n994
n969,n1000
n969,n978
n969,n999
n969,n973
n969,n988
n969,n1011
n969,n986
n969,n975
n969,n1012
n969,n979
n969,n990
n969,n977
n969,n1009
n969,n980
n969,n995
n969,n970
n969,n1014
n969,n1010
n969,n972
n969,n996
n969,n989
n969,n976
n969,n1007
n969,n1001
n969,n993
n969,n981
n969,n1004
n969,n974
n969,n985
n969,n1002
n969,n997
n969,n1008
n969,n1003
n969,n971
n969,n1013
n969,n983
n969,n992
n1015,n1021
n1015,n1022
n1015,n1043
n1015,n1031
n1015,n1025
n1015,n1039
n1015,n1042
n1015,n1038
n1015,n1026
n1015,n1017
n1015,n1029
n1015,n1036
n1015,n1040
n1015,n1024
n1015,n1047
n1015,n1033
n1015,n1035
n1015,n1049
n1015,n1020
n1015,n1023
n1015,n1030
n1015,n1032
n1015,n1045
n1015,n1034
n1015,n1048
n1015,n1041
n1015,n1016
n1015,n1044
n1015,n1019
n1015,n1027
n1015,n1028
n1015,n1037
n1015,n1018
n1015,n1046
n1050,n1083
n1050,n1085
n1050,n1061
n1050,n411
n1050,n1053
n1050,n1070
n1050,n1089
n1050,n1073
n1050,n1062
n1050,n1071
n1050,n1072
n1050,n1084
n1050,n1059
n1050,n1082
n1050,n1065
n1050,n1090
n1050,n1067
n1050,n1068
n1050,n1087
n1050,n1066
n1050,n357
n1050,n1078
n1050,n1081
n1050,n1074
n1050,n1051
n1050,n1054
n1050,n1063
n1050,n1086
n1050,n229
n1050,n1052
n1050,n1091
n1050,n1056
n1050,n4757
n1050,n1055
n1050,n1064
n1050,n1058
n1050,n1069
n1050,n1077
n1050,n1057
n1050,n1076
n1050,n1079
n1050,n1075
n1050,n1088
n1050,n1080
n1050,n1060
n1092,n1137
n1092,n1132
n1092,n1122
n1092,n1116
n1092,n1123
n1092,n1114
n1092,n1157
n1092,n1146
n1092,n1106
n1092,n1127
n1092,n1143
n1092,n1153
n1092,n1103
n1092,n1140
n1092,n440
n1092,n1104
n1092,n1095
n1092,n1121
n1092,n1107
n1092,n1120
n1092,n872
n1092,n1129
n1092,n1117
n1092,n1130
n1092,n1144
n1092,n1100
n1092,n1131
n1092,n1097
n1092,n1119
n1092,n1151
n1092,n1118
n1092,n1148
n1092,n1164
n1092,n1149
n1092,n1135
n1092,n1093
n1092,n1133
n1092,n1158
n1092,n1134
n1092,n1109
n1092,n1163
n1092,n1166
n1092,n1111
n1092,n1159
n1092,n1124
n1092,n1128
n1092,n1101
n1092,n1139
n1092,n1150
n1092,n1145
n1092,n1154
n1092,n1152
n1092,n1108
n1092,n1115
n1092,n1096
n1092,n1136
n1092,n1113
n1092,n1160
n1092,n1138
n1092,n1162
n1092,n1161
n1092,n1102
n1092,n1147
n1092,n1141
n1092,n1105
n1092,n1165
n1092,n1094
n1092,n1099
n1092,n1142
n1092,n1126
n1092,n1155
n1092,n1110
n1092,n1125
n1092,n1098
n1092,n1156
n1092,n1112
n1167,n1182
n1167,n1175
n1167,n1200
n1167,n1215
n1167,n1178
n1167,n1171
n1167,n1206
n1167,n1207
n1167,n1176
n1167,n1187
n1167,n1184
n1167,n1174
n1167,n872
n1167,n1192
n1167,n890
n1167,n1168
n1167,n1203
n1167,n409
n1167,n1185
n1167,n1222
n1167,n1193
n1167,n1210
n1167,n1173
n1167,n1179
n1167,n1190
n1167,n1180
n1167,n1202
n1167,n5925
n1167,n1213
n1167,n1218
n1167,n1189
n1167,n1191
n1167,n75
n1167,n1217
n1167,n1209
n1167,n1214
n1167,n1221
n1167,n1198
n1167,n1197
n1167,n1212
n1167,n1204
n1167,n1216
n1167,n1181
n1167,n1219
n1167,n1208
n1167,n1177
n1167,n1188
n1167,n1205
n1167,n1170
n1167,n1194
n1167,n4757
n1167,n1186
n1167,n1199
n1167,n1183
n1167,n1220
n1167,n65
n1167,n1201
n1167,n1169
n1167,n1172
n1167,n1195
n1167,n1196
n1167,n1211
n1223,n1227
n1223,n1230
n1223,n1226
n1223,n1258
n1223,n1247
n1223,n1251
n1223,n1259
n1223,n1244
n1223,n832
n1223,n1240
n1223,n1246
n1223,n1257
n1223,n1243
n1223,n1235
n1223,n1250
n1223,n1256
n1223,n1228
n1223,n1245
n1223,n1249
n1223,n392
n1223,n1254
n1223,n1225
n1223,n1233
n1223,n1252
n1223,n1236
n1223,n1237
n1223,n1232
n1223,n1241
n1223,n1253
n1223,n1231
n1223,n1229
n1223,n1248
n1223,n1234
n1223,n1242
n1223,n1224
n1223,n1238
n1223,n1239
n1223,n1255
n520,n1281
n520,n1266
n520,n1283
n520,n1293
n520,n1178
n520,n1212
n520,n1270
n520,n1292
n520,n1262
n520,n1279
n520,n1282
n520,n1291
n520,n1267
n520,n1284
n520,n1287
n520,n1290
n520,n1273
n520,n1278
n520,n1272
n520,n1289
n520,n1285
n520,n1288
n520,n1271
n520,n1275
n520,n1280
n520,n1276
n520,n1286
n520,n1261
n520,n1263
n520,n1269
n520,n1265
n520,n1274
n520,n1277
n520,n1264
n520,n1260
n520,n1214
n520,n1211
n520,n1268
n1294,n1308
n1294,n1306
n1294,n1311
n1294,n1301
n1294,n1307
n1294,n1312
n1294,n1304
n1294,n385
n1294,n1295
n1294,n1299
n1294,n1300
n1294,n1310
n1294,n1302
n1294,n344
n1294,n1303
n1294,n1305
n1294,n1296
n1294,n1298
n1294,n1309
n1294,n1297
n1313,n1334
n1313,n1319
n1313,n1318
n1313,n1320
n1313,n1317
n1313,n1336
n1313,n1340
n1313,n1327
n1313,n1322
n1313,n1335
n1313,n1325
n1313,n1326
n1313,n1315
n1313,n1321
n1313,n1323
n1313,n1330
n1313,n1337
n1313,n1324
n1313,n1314
n1313,n1328
n1313,n1316
n1313,n1331
n1313,n1332
n1313,n1343
n1313,n1329
n1313,n1339
n1313,n1333
n1313,n1338
n1313,n1342
n1313,n1341
n1344,n1347
n1344,n1388
n1344,n1373
n1344,n1398
n1344,n1349
n1344,n1345
n1344,n1358
n1344,n1364
n1344,n1369
n1344,n1350
n1344,n1359
n1344,n1370
n1344,n1372
n1344,n1379
n1344,n1371
n1344,n1397
n1344,n1390
n1344,n1394
n1344,n1353
n1344,n1382
n1344,n1393
n1344,n1357
n1344,n1389
n1344,n1391
n1344,n1354
n1344,n1355
n1344,n1376
n1344,n1346
n1344,n1348
n1344,n1377
n1344,n1381
n1344,n1363
n1344,n1386
n1344,n1365
n1344,n1362
n1344,n1360
n1344,n1378
n1344,n1399
n1344,n1356
n1344,n1366
n1344,n1367
n1344,n1387
n1344,n1352
n1344,n1374
n1344,n1361
n1344,n1380
n1344,n1396
n1344,n1395
n1344,n1351
n1344,n1384
n1344,n1385
n1344,n1375
n1344,n1368
n1344,n1392
n1344,n1383
n1400,n1401
n1402,n1430
n1402,n1411
n1402,n1447
n1402,n1427
n1402,n1414
n1402,n1428
n1402,n1433
n1402,n1405
n1402,n901
n1402,n1407
n1402,n1435
n1402,n1409
n1402,n1426
n1402,n1420
n1402,n1423
n1402,n1425
n1402,n1415
n1402,n1438
n1402,n1434
n1402,n1436
n1402,n1412
n1402,n1444
n1402,n1422
n1402,n1443
n1402,n1445
n1402,n1424
n1402,n1417
n1402,n1403
n1402,n1437
n1402,n1408
n1402,n1421
n1402,n1446
n1402,n1441
n1402,n5925
n1402,n1432
n1402,n1442
n1402,n1406
n1402,n1410
n1402,n853
n1402,n1418
n1402,n1419
n1402,n1404
n1402,n1429
n1402,n1440
n1402,n1413
n1402,n1416
n1402,n1431
n1402,n1439
n1448,n1481
n1448,n1466
n1448,n1469
n1448,n1468
n1448,n1488
n1448,n1472
n1448,n1492
n1448,n1449
n1448,n894
n1448,n344
n1448,n1485
n1448,n1452
n1448,n1456
n1448,n1463
n1448,n1454
n1448,n1450
n1448,n1470
n1448,n1477
n1448,n1496
n1448,n1460
n1448,n1474
n1448,n1475
n1448,n1476
n1448,n1482
n1448,n1491
n1448,n1495
n1448,n1493
n1448,n1483
n1448,n1494
n1448,n1451
n1448,n1465
n1448,n1478
n1448,n1489
n1448,n1486
n1448,n1467
n1448,n1462
n1448,n1484
n1448,n1487
n1448,n1497
n1448,n1453
n1448,n1471
n1448,n1480
n1448,n1455
n1448,n1458
n1448,n1464
n1448,n1459
n1448,n1461
n1448,n1490
n1448,n1473
n1448,n1479
n1448,n1457
n1498,n1516
n1498,n1508
n1498,n1505
n1498,n1523
n1498,n1503
n1498,n1499
n1498,n1501
n1498,n1502
n1498,n1519
n1498,n1506
n1498,n1520
n1498,n1511
n1498,n1500
n1498,n1512
n1498,n1513
n1498,n1521
n1498,n1507
n1498,n1509
n1498,n1517
n1498,n1504
n1498,n1518
n1498,n1510
n1498,n1522
n1498,n1515
n1498,n1514
n1524,n1549
n1524,n1552
n1524,n1529
n1524,n1540
n1524,n1530
n1524,n1533
n1524,n1553
n1524,n1537
n1524,n1555
n1524,n1558
n1524,n1536
n1524,n1548
n1524,n1564
n1524,n1544
n1524,n1532
n1524,n1559
n1524,n1561
n1524,n1554
n1524,n1551
n1524,n1562
n1524,n1527
n1524,n1541
n1524,n1547
n1524,n1546
n1524,n1534
n1524,n600
n1524,n1535
n1524,n1542
n1524,n1543
n1524,n1550
n1524,n1525
n1524,n1545
n1524,n1565
n1524,n1539
n1524,n1526
n1524,n1528
n1524,n1563
n1524,n1538
n1524,n1557
n1524,n1556
n1524,n1531
n1524,n1560
n1566,n1639
n1566,n411
n1566,n1574
n1566,n1591
n1566,n1608
n1566,n1649
n1566,n1645
n1566,n1583
n1566,n1578
n1566,n1640
n1566,n1642
n1566,n872
n1566,n1587
n1566,n1630
n1566,n1586
n1566,n1617
n1566,n1593
n1566,n1582
n1566,n1628
n1566,n1638
n1566,n1647
n1566,n1607
n1566,n1585
n1566,n1641
n1566,n1644
n1566,n1631
n1566,n1573
n1566,n1569
n1566,n1571
n1566,n1636
n1566,n1598
n1566,n1627
n1566,n1633
n1566,n1575
n1566,n1581
n1566,n1609
n1566,n218
n1566,n1643
n1566,n1604
n1566,n1619
n1566,n1611
n1566,n1621
n1566,n1567
n1566,n1637
n1566,n1614
n1566,n1589
n1566,n121
n1566,n1615
n1566,n1576
n1566,n1622
n1566,n1568
n1566,n1613
n1566,n1626
n1566,n1624
n1566,n1588
n1566,n1590
n1566,n1601
n1566,n1599
n1566,n1634
n1566,n1620
n1566,n1606
n1566,n1594
n1566,n1605
n1566,n1618
n1566,n1623
n1566,n1632
n1566,n1616
n1566,n1603
n1566,n1610
n1566,n1612
n1566,n1629
n1566,n1577
n1566,n1648
n1566,n4757
n1566,n1597
n1566,n1579
n1566,n3
n1566,n1602
n1566,n1625
n1566,n1646
n1566,n1580
n1566,n1410
n1566,n1635
n1566,n1584
n1566,n1570
n1566,n1600
n1566,n1572
n1566,n1592
n1566,n1596
n1566,n9
n1566,n1595
n1650,n1654
n1650,n1653
n1650,n1651
n1650,n1652
n1655,n1666
n1655,n1751
n1655,n1767
n1655,n1778
n1655,n1753
n1655,n1709
n1655,n1746
n1655,n1683
n1655,n1680
n1655,n1779
n1655,n1756
n1655,n1741
n1655,n1774
n1655,n1745
n1655,n1667
n1655,n392
n1655,n1776
n1655,n1701
n1655,n1662
n1655,n1784
n1655,n1697
n1655,n1700
n1655,n1782
n1655,n1682
n1655,n1740
n1655,n1734
n1655,n1726
n1655,n1772
n1655,n1705
n1655,n1708
n1655,n1731
n1655,n1744
n1655,n1688
n1655,n1671
n1655,n1657
n1655,n1677
n1655,n1695
n1655,n1668
n1655,n1752
n1655,n1773
n1655,n1656
n1655,n1664
n1655,n1670
n1655,n1735
n1655,n1711
n1655,n1737
n1655,n1698
n1655,n1718
n1655,n1764
n1655,n1669
n1655,n1690
n1655,n1696
n1655,n1678
n1655,n1704
n1655,n1703
n1655,n1672
n1655,n1743
n1655,n1658
n1655,n1785
n1655,n1702
n1655,n1775
n1655,n1673
n1655,n1689
n1655,n1716
n1655,n1725
n1655,n1679
n1655,n1724
n1655,n1750
n1655,n1722
n1655,n1675
n1655,n1661
n1655,n1771
n1655,n1760
n1655,n1761
n1655,n1730
n1655,n1747
n1655,n1692
n1655,n1720
n1655,n1684
n1655,n1676
n1655,n1693
n1655,n1781
n1655,n1723
n1655,n1758
n1655,n1685
n1655,n1715
n1655,n1755
n1655,n1665
n1655,n1712
n1655,n1729
n1655,n1783
n1655,n1663
n1655,n1710
n1655,n1694
n1655,n1738
n1655,n1763
n1655,n1721
n1655,n1762
n1655,n1659
n1655,n1691
n1655,n1707
n1655,n1768
n1655,n1780
n1655,n1706
n1655,n1770
n1655,n1727
n1655,n1765
n1655,n1748
n1655,n1177
n1655,n1757
n1655,n1766
n1655,n1739
n1655,n1749
n1655,n1674
n1655,n1728
n1655,n1681
n1655,n1687
n1655,n1713
n1655,n1754
n1655,n1660
n1655,n1733
n1655,n1719
n1655,n1759
n1655,n1714
n1655,n1769
n1655,n1777
n1655,n1699
n1655,n1686
n1655,n1742
n1655,n1732
n1655,n1717
n1655,n1736
n1786,n1805
n1786,n1856
n1786,n1817
n1786,n1821
n1786,n1849
n1786,n1838
n1786,n1807
n1786,n1837
n1786,n1797
n1786,n1845
n1786,n1811
n1786,n1798
n1786,n1835
n1786,n5925
n1786,n1633
n1786,n1213
n1786,n1803
n1786,n1795
n1786,n1787
n1786,n1826
n1786,n1843
n1786,n1197
n1786,n1212
n1786,n1844
n1786,n1791
n1786,n1842
n1786,n1834
n1786,n1792
n1786,n1188
n1786,n1796
n1786,n1194
n1786,n4757
n1786,n1186
n1786,n1819
n1786,n1793
n1786,n1804
n1786,n1854
n1786,n1822
n1786,n1827
n1786,n1841
n1786,n1800
n1786,n1790
n1786,n1850
n1786,n1840
n1786,n1649
n1786,n1206
n1786,n1829
n1786,n1176
n1786,n1815
n1786,n1816
n1786,n1174
n1786,n1853
n1786,n890
n1786,n1806
n1786,n1812
n1786,n1832
n1786,n1833
n1786,n1173
n1786,n1179
n1786,n1839
n1786,n1828
n1786,n1855
n1786,n1813
n1786,n1820
n1786,n1218
n1786,n1209
n1786,n1814
n1786,n1214
n1786,n1836
n1786,n1799
n1786,n1789
n1786,n400
n1786,n1204
n1786,n1818
n1786,n1847
n1786,n1219
n1786,n1852
n1786,n1788
n1786,n1825
n1786,n1170
n1786,n1830
n1786,n1808
n1786,n1824
n1786,n1851
n1786,n1199
n1786,n1169
n1786,n1823
n1786,n1801
n1786,n1831
n1786,n1794
n1786,n1809
n1786,n1810
n1786,n1802
n1786,n1195
n1786,n1848
n1786,n1846
n1786,n1211
n1857,n1859
n1857,n1863
n1857,n1864
n1857,n1869
n1857,n1860
n1857,n1865
n1857,n1861
n1857,n1858
n1857,n1871
n1857,n1870
n1857,n1862
n1857,n1867
n1857,n1868
n1857,n1866
n1872,n1903
n1872,n1880
n1872,n1904
n1872,n1905
n1872,n1893
n1872,n1874
n1872,n1908
n1872,n1875
n1872,n1896
n1872,n1887
n1872,n1889
n1872,n1900
n1872,n1901
n1872,n1877
n1872,n1907
n1872,n1881
n1872,n1883
n1872,n1909
n1872,n1910
n1872,n1912
n1872,n1906
n1872,n1894
n1872,n1911
n1872,n1888
n1872,n2947
n1872,n1890
n1872,n1873
n1872,n1885
n1872,n1897
n1872,n1886
n1872,n1902
n1872,n1891
n1872,n1916
n1872,n1878
n1872,n1913
n1872,n1899
n1872,n1914
n1872,n1898
n1872,n1879
n1872,n1882
n1872,n1892
n1872,n1895
n1872,n1884
n1872,n1876
n1872,n1915
n1917,n1936
n1917,n1919
n1917,n1921
n1917,n1967
n1917,n1927
n1917,n1962
n1917,n1948
n1917,n1947
n1917,n1926
n1917,n1925
n1917,n1923
n1917,n1931
n1917,n1937
n1917,n1958
n1917,n1950
n1917,n1924
n1917,n1929
n1917,n1951
n1917,n1918
n1917,n1949
n1917,n1971
n1917,n1968
n1917,n1960
n1917,n1961
n1917,n1942
n1917,n775
n1917,n1954
n1917,n1956
n1917,n1965
n1917,n400
n1917,n1966
n1917,n1920
n1917,n1959
n1917,n1922
n1917,n1941
n1917,n1938
n1917,n1973
n1917,n1946
n1917,n1939
n1917,n1932
n1917,n1933
n1917,n1934
n1917,n1930
n1917,n1943
n1917,n1969
n1917,n1963
n1917,n1944
n1917,n1970
n1917,n1972
n1917,n1953
n1917,n1935
n1917,n1945
n1917,n1928
n1917,n739
n1917,n1940
n1917,n1955
n1917,n1952
n1917,n1957
n1917,n1964
n1974,n1978
n1974,n1988
n1974,n1976
n1974,n1987
n1974,n1990
n1974,n1989
n1974,n1983
n1974,n1981
n1974,n1977
n1974,n1985
n1974,n1979
n1974,n1982
n1974,n1208
n1974,n1975
n1974,n1980
n1974,n1991
n1974,n1984
n1974,n1986
n1992,n1997
n1992,n2006
n1992,n2009
n1992,n4757
n1992,n871
n1992,n1994
n1992,n2007
n1992,n1995
n1992,n2002
n1992,n1999
n1992,n2008
n1992,n2003
n1992,n2005
n1992,n688
n1992,n1998
n1992,n2001
n1992,n1993
n1992,n1996
n1992,n2000
n1992,n2004
n2010,n2011
n2010,n2019
n2010,n2018
n2010,n2013
n2010,n2017
n2010,n2015
n2010,n2012
n2010,n2016
n2010,n2014
n2020,n2025
n2020,n2034
n2020,n2023
n2020,n2035
n2020,n2030
n2020,n2021
n2020,n2031
n2020,n2033
n2020,n2026
n2020,n2029
n2020,n2036
n2020,n2028
n2020,n2024
n2020,n2027
n2020,n2022
n2020,n2032
n2037,n2040
n2037,n2047
n2037,n2038
n2037,n2048
n2037,n2046
n2037,n2042
n2037,n2045
n2037,n2049
n2037,n2051
n2037,n2052
n2037,n2044
n2037,n2043
n2037,n2039
n2037,n2041
n2037,n2050
n2053,n2086
n2053,n2103
n2053,n2076
n2053,n2089
n2053,n2055
n2053,n2099
n2053,n2104
n2053,n2075
n2053,n385
n2053,n2066
n2053,n2109
n2053,n2083
n2053,n2085
n2053,n2093
n2053,n2091
n2053,n2073
n2053,n2100
n2053,n2105
n2053,n2065
n2053,n2074
n2053,n2088
n2053,n2054
n2053,n2059
n2053,n2070
n2053,n2094
n2053,n2096
n2053,n2056
n2053,n2062
n2053,n2095
n2053,n2110
n2053,n2108
n2053,n2071
n2053,n2102
n2053,n2060
n2053,n2082
n2053,n2092
n2053,n2064
n2053,n2057
n2053,n2090
n2053,n2107
n2053,n2069
n2053,n2077
n2053,n252
n2053,n2061
n2053,n2101
n2053,n2078
n2053,n2084
n2053,n2072
n2053,n2079
n2053,n2098
n2053,n2063
n2053,n2067
n2053,n2058
n2053,n2080
n2053,n2106
n2053,n2087
n2053,n2081
n2053,n2068
n2053,n2097
n2111,n2114
n2111,n2124
n2111,n2115
n2111,n2126
n2111,n2116
n2111,n2121
n2111,n2112
n2111,n2119
n2111,n2122
n2111,n2125
n2111,n2117
n2111,n2113
n2111,n2120
n2111,n2118
n2111,n2123
n2111,n2127
n2128,n411
n2128,n2131
n2128,n2136
n2128,n2143
n2128,n2133
n2128,n2138
n2128,n2147
n2128,n2150
n2128,n2141
n2128,n2144
n2128,n2140
n2128,n2142
n2128,n2129
n2128,n2130
n2128,n392
n2128,n2151
n2128,n1629
n2128,n1417
n2128,n2139
n2128,n4757
n2128,n2148
n2128,n2132
n2128,n75
n2128,n246
n2128,n2146
n2128,n2145
n2128,n2135
n2128,n2134
n2128,n2137
n2128,n2149
n2152,n2155
n2152,n2153
n2152,n2154
n2156,n2160
n2156,n2170
n2156,n2196
n2156,n2169
n2156,n2176
n2156,n2162
n2156,n2182
n2156,n2179
n2156,n2200
n2156,n2164
n2156,n2166
n2156,n2195
n2156,n2194
n2156,n2201
n2156,n2165
n2156,n2188
n2156,n2163
n2156,n2183
n2156,n2193
n2156,n2185
n2156,n2205
n2156,n2202
n2156,n2157
n2156,n2204
n2156,n2172
n2156,n2189
n2156,n2197
n2156,n2178
n2156,n2167
n2156,n2168
n2156,n2190
n2156,n2199
n2156,n2158
n2156,n2180
n2156,n2187
n2156,n2198
n2156,n2159
n2156,n2173
n2156,n2184
n2156,n2161
n2156,n2171
n2156,n2174
n2156,n2181
n2156,n2186
n2156,n2175
n2156,n2192
n2156,n2191
n2156,n2203
n2156,n2177
n2206,n2227
n2206,n2224
n2206,n2209
n2206,n2234
n2206,n2222
n2206,n2277
n2206,n2252
n2206,n2217
n2206,n2259
n2206,n2228
n2206,n2240
n2206,n2273
n2206,n344
n2206,n1068
n2206,n2272
n2206,n2275
n2206,n2280
n2206,n2207
n2206,n2254
n2206,n2257
n2206,n2215
n2206,n1179
n2206,n2229
n2206,n2237
n2206,n882
n2206,n2242
n2206,n2232
n2206,n2248
n2206,n2216
n2206,n1633
n2206,n2279
n2206,n2264
n2206,n2213
n2206,n2218
n2206,n2278
n2206,n2246
n2206,n2256
n2206,n2261
n2206,n2255
n2206,n2221
n2206,n2268
n2206,n2253
n2206,n2241
n2206,n2269
n2206,n2287
n2206,n2244
n2206,n2281
n2206,n2271
n2206,n2243
n2206,n2235
n2206,n2262
n2206,n2258
n2206,n2225
n2206,n2288
n2206,n2284
n2206,n2245
n2206,n2236
n2206,n2265
n2206,n2263
n2206,n2247
n2206,n2283
n2206,n2231
n2206,n2233
n2206,n2208
n2206,n2267
n2206,n2266
n2206,n2282
n2206,n2276
n2206,n600
n2206,n2238
n2206,n2285
n2206,n2219
n2206,n2289
n2206,n2274
n2206,n2211
n2206,n1183
n2206,n2220
n2206,n2223
n2206,n65
n2206,n336
n2206,n1831
n2206,n2260
n2206,n255
n2206,n2249
n2206,n2251
n2206,n2210
n2206,n2212
n2206,n2230
n2206,n2239
n2206,n2286
n2206,n2214
n2206,n2250
n2206,n2270
n2206,n2226
n2290,n2353
n2290,n2318
n2290,n2313
n2290,n2363
n2290,n810
n2290,n823
n2290,n2327
n2290,n2368
n2290,n2380
n2290,n2295
n2290,n2369
n2290,n2331
n2290,n2325
n2290,n2292
n2290,n2300
n2290,n2344
n2290,n2316
n2290,n2336
n2290,n2306
n2290,n5925
n2290,n2367
n2290,n2311
n2290,n2291
n2290,n2323
n2290,n2302
n2290,n2352
n2290,n2354
n2290,n2339
n2290,n2355
n2290,n2357
n2290,n2315
n2290,n2377
n2290,n2301
n2290,n2307
n2290,n2379
n2290,n2338
n2290,n2293
n2290,n2383
n2290,n2335
n2290,n2350
n2290,n2361
n2290,n2322
n2290,n2374
n2290,n2309
n2290,n2360
n2290,n2346
n2290,n2310
n2290,n2304
n2290,n2378
n2290,n2356
n2290,n2294
n2290,n2365
n2290,n2296
n2290,n2348
n2290,n2373
n2290,n2320
n2290,n2387
n2290,n2341
n2290,n2358
n2290,n2384
n2290,n2388
n2290,n2347
n2290,n2317
n2290,n2376
n2290,n826
n2290,n2299
n2290,n2371
n2290,n2324
n2290,n2382
n2290,n2319
n2290,n2351
n2290,n2386
n2290,n2343
n2290,n2328
n2290,n2303
n2290,n790
n2290,n2332
n2290,n2330
n2290,n2385
n2290,n2298
n2290,n2337
n2290,n2381
n2290,n121
n2290,n2342
n2290,n2359
n2290,n2167
n2290,n2334
n2290,n862
n2290,n2312
n2290,n2362
n2290,n2370
n2290,n2349
n2290,n802
n2290,n2305
n2290,n2372
n2290,n2333
n2290,n2375
n2290,n2326
n2290,n1422
n2290,n2314
n2290,n2392
n2290,n2345
n2290,n2308
n2290,n2329
n2290,n146
n2290,n2366
n2290,n2297
n2290,n2364
n2290,n2321
n2290,n846
n2290,n2340
n2290,n2391
n2290,n2390
n2290,n801
n2290,n2389
n2393,n411
n2393,n2486
n2393,n2476
n2393,n2500
n2393,n2422
n2393,n2416
n2393,n2456
n2393,n2434
n2393,n2480
n2393,n2494
n2393,n2399
n2393,n2432
n2393,n2495
n2393,n2471
n2393,n2502
n2393,n2468
n2393,n2398
n2393,n2451
n2393,n2433
n2393,n2447
n2393,n2473
n2393,n2461
n2393,n2496
n2393,n5925
n2393,n2485
n2393,n2404
n2393,n2414
n2393,n2429
n2393,n2430
n2393,n2443
n2393,n2438
n2393,n218
n2393,n853
n2393,n2407
n2393,n455
n2393,n2464
n2393,n2503
n2393,n2403
n2393,n2472
n2393,n2506
n2393,n2504
n2393,n2445
n2393,n1197
n2393,n2498
n2393,n2428
n2393,n2487
n2393,n1216
n2393,n2423
n2393,n2425
n2393,n2475
n2393,n2411
n2393,n2501
n2393,n2482
n2393,n2484
n2393,n2426
n2393,n2394
n2393,n2466
n2393,n2402
n2393,n2452
n2393,n1670
n2393,n2409
n2393,n2406
n2393,n1201
n2393,n2440
n2393,n9
n2393,n2454
n2393,n2490
n2393,n2408
n2393,n2418
n2393,n2420
n2393,n1176
n2393,n2228
n2393,n2457
n2393,n2444
n2393,n890
n2393,n2401
n2393,n2405
n2393,n2469
n2393,n1173
n2393,n2488
n2393,n2481
n2393,n1828
n2393,n2462
n2393,n2460
n2393,n2419
n2393,n2397
n2393,n2439
n2393,n2424
n2393,n2455
n2393,n2492
n2393,n246
n2393,n2396
n2393,n2448
n2393,n772
n2393,n2450
n2393,n2437
n2393,n2427
n2393,n2474
n2393,n2459
n2393,n21
n2393,n2493
n2393,n2415
n2393,n2491
n2393,n2505
n2393,n2269
n2393,n2478
n2393,n2395
n2393,n2467
n2393,n2436
n2393,n2463
n2393,n2470
n2393,n2412
n2393,n2477
n2393,n2499
n2393,n2417
n2393,n2483
n2393,n2497
n2393,n2507
n2393,n2453
n2393,n2446
n2393,n2431
n2393,n175
n2393,n2441
n2393,n2421
n2393,n2508
n2393,n2410
n2393,n65
n2393,n2400
n2393,n2435
n2393,n2449
n2393,n2442
n2393,n2479
n2393,n2413
n2393,n2465
n2393,n2458
n2393,n2489
n2509,n2517
n2509,n2528
n2509,n810
n2509,n2534
n2509,n2516
n2509,n2536
n2509,n2524
n2509,n2510
n2509,n2514
n2509,n2532
n2509,n2521
n2509,n2537
n2509,n2512
n2509,n2525
n2509,n2522
n2509,n2520
n2509,n2518
n2509,n2541
n2509,n2539
n2509,n2527
n2509,n2530
n2509,n2538
n2509,n2515
n2509,n2523
n2509,n2529
n2509,n65
n2509,n2540
n2509,n2531
n2509,n2513
n2509,n2535
n2509,n2519
n2509,n2533
n2509,n2322
n2509,n2526
n2509,n2511
n2542,n2548
n2542,n2553
n2542,n2545
n2542,n2552
n2542,n2546
n2542,n2543
n2542,n2551
n2542,n2555
n2542,n2544
n2542,n2547
n2542,n2550
n2542,n2554
n2542,n2549
n2542,n2004
n2556,n2619
n2556,n2578
n2556,n2557
n2556,n2558
n2556,n2559
n2556,n2569
n2556,n2586
n2556,n2620
n2556,n2624
n2556,n2615
n2556,n2568
n2556,n2608
n2556,n2571
n2556,n2567
n2556,n2576
n2556,n2601
n2556,n2606
n2556,n2591
n2556,n2580
n2556,n2584
n2556,n2560
n2556,n2600
n2556,n2564
n2556,n2605
n2556,n2614
n2556,n2594
n2556,n2618
n2556,n2622
n2556,n2602
n2556,n2583
n2556,n2599
n2556,n2597
n2556,n2626
n2556,n2575
n2556,n2617
n2556,n2566
n2556,n2565
n2556,n2604
n2556,n2625
n2556,n2607
n2556,n2573
n2556,n2581
n2556,n2589
n2556,n2616
n2556,n2579
n2556,n2585
n2556,n2561
n2556,n2610
n2556,n2593
n2556,n2595
n2556,n193
n2556,n2592
n2556,n2609
n2556,n2563
n2556,n2582
n2556,n2596
n2556,n2588
n2556,n2598
n2556,n2621
n2556,n2562
n2556,n2587
n2556,n2058
n2556,n2623
n2556,n2577
n2556,n2570
n2556,n2574
n2556,n2603
n2556,n2590
n2556,n2611
n2556,n2612
n2556,n2613
n2556,n2572
n2627,n2671
n2627,n2658
n2627,n2664
n2627,n2655
n2627,n2695
n2627,n708
n2627,n2673
n2627,n2679
n2627,n440
n2627,n2650
n2627,n2677
n2627,n2663
n2627,n2690
n2627,n2680
n2627,n2692
n2627,n2633
n2627,n2649
n2627,n2651
n2627,n2691
n2627,n2653
n2627,n2639
n2627,n2657
n2627,n2629
n2627,n2699
n2627,n2637
n2627,n2641
n2627,n2697
n2627,n2682
n2627,n2678
n2627,n2636
n2627,n2693
n2627,n2676
n2627,n2659
n2627,n2645
n2627,n2689
n2627,n2694
n2627,n2656
n2627,n2687
n2627,n2632
n2627,n2635
n2627,n2675
n2627,n2661
n2627,n2672
n2627,n2685
n2627,n2670
n2627,n2643
n2627,n2638
n2627,n2660
n2627,n2668
n2627,n2669
n2627,n2646
n2627,n2662
n2627,n2674
n2627,n2652
n2627,n2631
n2627,n2640
n2627,n2681
n2627,n2665
n2627,n2666
n2627,n2654
n2627,n2628
n2627,n2647
n2627,n2684
n2627,n2686
n2627,n2634
n2627,n2648
n2627,n2667
n2627,n2644
n2627,n2698
n2627,n2683
n2627,n2642
n2627,n2696
n2627,n1234
n2627,n2688
n2627,n2630
n2700,n2717
n2700,n2728
n2700,n2704
n2700,n2710
n2700,n2708
n2700,n2720
n2700,n2713
n2700,n2701
n2700,n2714
n2700,n2138
n2700,n2730
n2700,n2718
n2700,n2723
n2700,n2707
n2700,n2706
n2700,n2731
n2700,n2705
n2700,n2727
n2700,n2724
n2700,n2703
n2700,n2729
n2700,n2722
n2700,n2715
n2700,n2716
n2700,n2726
n2700,n2725
n2700,n2702
n2700,n2711
n2700,n2712
n2700,n2719
n2700,n2709
n2700,n2721
n2732,n2734
n2732,n2733
n2735,n2745
n2735,n2742
n2735,n2740
n2735,n2756
n2735,n2744
n2735,n1768
n2735,n2758
n2735,n2747
n2735,n2750
n2735,n344
n2735,n2748
n2735,n2739
n2735,n4473
n2735,n2743
n2735,n2757
n2735,n2760
n2735,n2761
n2735,n2764
n2735,n2741
n2735,n2754
n2735,n2737
n2735,n2752
n2735,n2753
n2735,n2762
n2735,n2759
n2735,n2738
n2735,n2751
n2735,n2763
n2735,n2736
n2735,n2755
n2735,n2746
n2735,n2749
n2765,n2772
n2765,n2766
n2765,n121
n2765,n2777
n2765,n2789
n2765,n2774
n2765,n2780
n2765,n2767
n2765,n2776
n2765,n2788
n2765,n2787
n2765,n2768
n2765,n2775
n2765,n2771
n2765,n2773
n2765,n2778
n2765,n2785
n2765,n2770
n2765,n2783
n2765,n2782
n2765,n2786
n2765,n4757
n2765,n2779
n2765,n2769
n2765,n2781
n2765,n2791
n2765,n2784
n2765,n2790
n2792,n2794
n2792,n2796
n2792,n2801
n2792,n2793
n2792,n2797
n2792,n2800
n2792,n2803
n2792,n2804
n2792,n2799
n2792,n2795
n2792,n2805
n2792,n2798
n2792,n2802
n2806,n2809
n2806,n2816
n2806,n2812
n2806,n2810
n2806,n2814
n2806,n2808
n2806,n2815
n2806,n2813
n2806,n2811
n2806,n2807
n2817,n2822
n2817,n2827
n2817,n2829
n2817,n2820
n2817,n2828
n2817,n2825
n2817,n2826
n2817,n2830
n2817,n2823
n2817,n2819
n2817,n2824
n2817,n2832
n2817,n2821
n2817,n2831
n2817,n2833
n2817,n2818
n2834,n2866
n2834,n2835
n2834,n2838
n2834,n2837
n2834,n2850
n2834,n2861
n2834,n2855
n2834,n2841
n2834,n385
n2834,n2843
n2834,n2857
n2834,n2847
n2834,n2852
n2834,n2856
n2834,n2862
n2834,n2863
n2834,n2840
n2834,n2858
n2834,n2864
n2834,n2247
n2834,n193
n2834,n2848
n2834,n2845
n2834,n2851
n2834,n2859
n2834,n2839
n2834,n180
n2834,n2849
n2834,n2865
n2834,n2860
n2834,n2868
n2834,n2853
n2834,n2867
n2834,n2842
n2834,n2870
n2834,n2854
n2834,n2612
n2834,n2869
n2834,n2846
n2834,n2844
n2834,n2836
n2871,n2879
n2871,n2876
n2871,n2886
n2871,n2905
n2871,n2913
n2871,n2908
n2871,n2877
n2871,n2909
n2871,n2923
n2871,n344
n2871,n2897
n2871,n2890
n2871,n2858
n2871,n2917
n2871,n2872
n2871,n2874
n2871,n177
n2871,n2900
n2871,n2883
n2871,n2875
n2871,n2911
n2871,n2896
n2871,n2891
n2871,n2921
n2871,n2898
n2871,n2882
n2871,n2895
n2871,n2919
n2871,n2885
n2871,n2903
n2871,n2916
n2871,n2894
n2871,n2907
n2871,n2884
n2871,n2918
n2871,n2922
n2871,n2888
n2871,n2892
n2871,n2910
n2871,n2878
n2871,n2901
n2871,n2247
n2871,n2902
n2871,n2915
n2871,n2893
n2871,n2899
n2871,n2873
n2871,n2906
n2871,n2920
n2871,n2880
n2871,n2904
n2871,n2912
n2871,n2887
n2871,n2881
n2871,n2889
n2871,n2914
n2924,n2734
n2925,n2931
n2925,n2935
n2925,n2742
n2925,n2928
n2925,n2932
n2925,n2933
n2925,n2927
n2925,n2750
n2925,n204
n2925,n2934
n2925,n2926
n2925,n2280
n2925,n2929
n2925,n2930
n2936,n2937
n2936,n2975
n2936,n2974
n2936,n2958
n2936,n2957
n2936,n2959
n2936,n2960
n2936,n2978
n2936,n872
n2936,n2977
n2936,n2955
n2936,n2938
n2936,n1179
n2936,n2944
n2936,n2943
n2936,n2949
n2936,n2947
n2936,n2945
n2936,n2954
n2936,n2979
n2936,n2961
n2936,n2972
n2936,n2980
n2936,n2982
n2936,n2941
n2936,n2976
n2936,n2940
n2936,n2965
n2936,n2948
n2936,n2971
n2936,n2951
n2936,n2956
n2936,n2942
n2936,n2968
n2936,n2973
n2936,n2969
n2936,n2970
n2936,n2962
n2936,n2950
n2936,n65
n2936,n2952
n2936,n2967
n2936,n2981
n2936,n2964
n2936,n2966
n2936,n2963
n2936,n2939
n2936,n2946
n2936,n2953
n2983,n2986
n2983,n2984
n2983,n2987
n2983,n2985
n2983,n2988
n2983,n2989
n2990,n2734
n2991,n2994
n2991,n2999
n2991,n2993
n2991,n2995
n2991,n2997
n2991,n2992
n2991,n2996
n2991,n2998
n3000,n3014
n3000,n3020
n3000,n3011
n3000,n411
n3000,n3040
n3000,n3045
n3000,n3002
n3000,n3039
n3000,n3028
n3000,n3046
n3000,n3027
n3000,n3029
n3000,n3003
n3000,n3041
n3000,n3012
n3000,n3047
n3000,n3033
n3000,n3026
n3000,n3005
n3000,n3004
n3000,n3019
n3000,n3018
n3000,n1609
n3000,n3038
n3000,n3006
n3000,n3032
n3000,n3036
n3000,n3013
n3000,n3016
n3000,n3035
n3000,n1637
n3000,n3025
n3000,n3017
n3000,n3021
n3000,n3042
n3000,n3024
n3000,n3031
n3000,n3023
n3000,n3034
n3000,n3049
n3000,n3001
n3000,n3007
n3000,n3015
n3000,n3008
n3000,n3009
n3000,n3010
n3000,n3030
n3000,n1410
n3000,n3022
n3000,n3044
n3000,n3043
n3000,n3037
n3000,n3048
n3050,n3081
n3050,n3100
n3050,n3064
n3050,n3083
n3050,n3098
n3050,n3080
n3050,n3108
n3050,n3062
n3050,n3085
n3050,n3103
n3050,n3086
n3050,n3055
n3050,n3099
n3050,n3134
n3050,n3063
n3050,n3135
n3050,n3101
n3050,n3102
n3050,n3088
n3050,n1609
n3050,n3116
n3050,n3117
n3050,n3057
n3050,n3097
n3050,n3133
n3050,n41
n3050,n3077
n3050,n3122
n3050,n3089
n3050,n3132
n3050,n3056
n3050,n3124
n3050,n3107
n3050,n3069
n3050,n3109
n3050,n3121
n3050,n3051
n3050,n3082
n3050,n3060
n3050,n3130
n3050,n3061
n3050,n3131
n3050,n3096
n3050,n96
n3050,n2406
n3050,n3058
n3050,n3076
n3050,n3120
n3050,n3105
n3050,n3123
n3050,n3127
n3050,n2420
n3050,n3090
n3050,n3072
n3050,n3079
n3050,n3126
n3050,n3084
n3050,n3059
n3050,n3074
n3050,n3087
n3050,n3054
n3050,n3095
n3050,n3111
n3050,n3113
n3050,n3118
n3050,n3114
n3050,n1820
n3050,n1218
n3050,n3070
n3050,n3094
n3050,n3091
n3050,n3128
n3050,n3093
n3050,n3065
n3050,n3066
n3050,n3073
n3050,n3125
n3050,n3136
n3050,n3068
n3050,n3052
n3050,n35
n3050,n3129
n3050,n3071
n3050,n3110
n3050,n3137
n3050,n3067
n3050,n3106
n3050,n3115
n3050,n3053
n3050,n1055
n3050,n3104
n3050,n2508
n3050,n1199
n3050,n3119
n3050,n3092
n3050,n65
n3050,n1831
n3050,n3075
n3050,n3078
n3050,n3112
n3050,n2749
n3138,n2734
n3139,n3171
n3139,n3142
n3139,n3156
n3139,n2480
n3139,n1257
n3139,n3173
n3139,n3140
n3139,n3169
n3139,n3164
n3139,n3063
n3139,n3155
n3139,n3170
n3139,n3088
n3139,n3159
n3139,n3161
n3139,n3178
n3139,n1787
n3139,n3146
n3139,n1619
n3139,n3165
n3139,n3148
n3139,n3154
n3139,n3151
n3139,n4757
n3139,n3143
n3139,n3162
n3139,n3149
n3139,n35
n3139,n3144
n3139,n3174
n3139,n3177
n3139,n3172
n3139,n3145
n3139,n3168
n3139,n3175
n3139,n3176
n3139,n5925
n3139,n1579
n3139,n3163
n3139,n3150
n3139,n3167
n3139,n392
n3139,n3152
n3139,n3157
n3139,n3166
n3139,n3141
n3139,n3147
n3139,n3153
n3139,n3160
n3139,n3158
n3179,n3202
n3179,n3206
n3179,n3189
n3179,n3213
n3179,n3225
n3179,n3216
n3179,n3191
n3179,n3211
n3179,n3201
n3179,n3227
n3179,n3183
n3179,n3217
n3179,n2537
n3179,n3248
n3179,n3214
n3179,n3228
n3179,n3243
n3179,n2471
n3179,n3235
n3179,n3180
n3179,n3207
n3179,n3212
n3179,n3230
n3179,n3221
n3179,n3224
n3179,n3246
n3179,n3232
n3179,n3240
n3179,n3209
n3179,n3233
n3179,n3210
n3179,n3237
n3179,n3238
n3179,n3222
n3179,n2367
n3179,n3193
n3179,n3192
n3179,n3250
n3179,n3188
n3179,n3234
n3179,n3199
n3179,n3208
n3179,n3218
n3179,n3244
n3179,n2157
n3179,n3194
n3179,n3200
n3179,n3245
n3179,n3203
n3179,n3204
n3179,n3184
n3179,n3197
n3179,n3223
n3179,n3181
n3179,n3198
n3179,n3226
n3179,n3205
n3179,n3219
n3179,n3190
n3179,n3186
n3179,n2159
n3179,n3195
n3179,n3220
n3179,n3239
n3179,n3241
n3179,n3182
n3179,n3231
n3179,n3185
n3179,n3242
n3179,n3187
n3179,n3196
n3179,n3229
n3179,n3247
n3179,n3249
n3179,n3236
n3179,n3215
n3251,n3275
n3251,n3287
n3251,n3256
n3251,n3280
n3251,n3263
n3251,n3270
n3251,n3259
n3251,n3272
n3251,n3255
n3251,n3267
n3251,n3257
n3251,n3269
n3251,n3253
n3251,n83
n3251,n3265
n3251,n839
n3251,n3283
n3251,n3252
n3251,n3271
n3251,n2947
n3251,n3266
n3251,n3274
n3251,n1179
n3251,n3279
n3251,n3113
n3251,n2139
n3251,n3276
n3251,n4757
n3251,n3273
n3251,n146
n3251,n3282
n3251,n2409
n3251,n3286
n3251,n3278
n3251,n3281
n3251,n3284
n3251,n3258
n3251,n3260
n3251,n65
n3251,n3268
n3251,n3264
n3251,n41
n3251,n3285
n3251,n3254
n3251,n3262
n3251,n3277
n3251,n3261
n3288,n2734
n3289,n3293
n3289,n3356
n3289,n3339
n3289,n3301
n3289,n3319
n3289,n3343
n3289,n3317
n3289,n3321
n3289,n3308
n3289,n3331
n3289,n3312
n3289,n3338
n3289,n3334
n3289,n3302
n3289,n3320
n3289,n3340
n3289,n763
n3289,n3324
n3289,n3349
n3289,n3315
n3289,n3327
n3289,n3314
n3289,n3299
n3289,n3326
n3289,n3353
n3289,n3352
n3289,n3361
n3289,n3297
n3289,n3359
n3289,n3333
n3289,n3311
n3289,n3346
n3289,n3309
n3289,n3354
n3289,n3345
n3289,n3323
n3289,n1692
n3289,n3298
n3289,n3337
n3289,n3341
n3289,n3295
n3289,n3305
n3289,n3328
n3289,n3303
n3289,n3335
n3289,n3290
n3289,n3344
n3289,n3351
n3289,n3304
n3289,n3310
n3289,n3318
n3289,n3347
n3289,n3291
n3289,n3307
n3289,n3294
n3289,n3300
n3289,n3292
n3289,n2628
n3289,n3350
n3289,n3342
n3289,n3322
n3289,n3360
n3289,n3348
n3289,n3357
n3289,n3316
n3289,n3332
n3289,n3358
n3289,n3306
n3289,n3329
n3289,n3330
n3289,n3313
n3289,n3325
n3289,n3296
n3289,n3336
n3289,n3355
n3362,n3367
n3362,n3364
n3362,n3365
n3362,n3366
n3362,n3363
n3368,n3376
n3368,n3381
n3368,n3382
n3368,n3371
n3368,n3378
n3368,n3372
n3368,n3375
n3368,n1633
n3368,n3379
n3368,n3370
n3368,n65
n3368,n3380
n3368,n3177
n3368,n3374
n3368,n3377
n3368,n3373
n3368,n3369
n3383,n3386
n3383,n3390
n3383,n3387
n3383,n3391
n3383,n3388
n3383,n3384
n3383,n3389
n3383,n3385
n3383,n3392
n3393,n3403
n3393,n3422
n3393,n3414
n3393,n3401
n3393,n3411
n3393,n3395
n3393,n3405
n3393,n3423
n3393,n3396
n3393,n3415
n3393,n385
n3393,n3409
n3393,n3402
n3393,n3407
n3393,n3406
n3393,n3417
n3393,n3418
n3393,n3416
n3393,n193
n3393,n3408
n3393,n3398
n3393,n3394
n3393,n3419
n3393,n3404
n3393,n3424
n3393,n3400
n3393,n3399
n3393,n3421
n3393,n3410
n3393,n3413
n3393,n2738
n3393,n3397
n3393,n3412
n3393,n3420
n3393,n1392
n3425,n3426
n3425,n3427
n3425,n1633
n3428,n3442
n3428,n3438
n3428,n3444
n3428,n3434
n3428,n1762
n3428,n3433
n3428,n3441
n3428,n3445
n3428,n3429
n3428,n3435
n3428,n1781
n3428,n3431
n3428,n3443
n3428,n3430
n3428,n3432
n3428,n3440
n3428,n3439
n3428,n3436
n3428,n3437
n3446,n3450
n3446,n3459
n3446,n3456
n3446,n3449
n3446,n3461
n3446,n3448
n3446,n3455
n3446,n3451
n3446,n3454
n3446,n3460
n3446,n3462
n3446,n3452
n3446,n3457
n3446,n3458
n3446,n3447
n3446,n3453
n3463,n3494
n3463,n3601
n3463,n3720
n3463,n3514
n3463,n3563
n3463,n3527
n3463,n3626
n3463,n3746
n3463,n3538
n3463,n1821
n3463,n782
n3463,n3706
n3463,n3550
n3463,n3669
n3463,n3266
n3463,n3651
n3463,n3135
n3463,n3590
n3463,n3531
n3463,n3503
n3463,n3602
n3463,n3664
n3463,n3694
n3463,n3284
n3463,n3523
n3463,n3570
n3463,n3704
n3463,n3730
n3463,n3727
n3463,n3498
n3463,n3636
n3463,n3692
n3463,n3524
n3463,n1787
n3463,n2246
n3463,n3595
n3463,n6
n3463,n3568
n3463,n3709
n3463,n3671
n3463,n3660
n3463,n1622
n3463,n3578
n3463,n3666
n3463,n3676
n3463,n3522
n3463,n3528
n3463,n3649
n3463,n1216
n3463,n3697
n3463,n3177
n3463,n3733
n3463,n3623
n3463,n3716
n3463,n3529
n3463,n3582
n3463,n3728
n3463,n2208
n3463,n3499
n3463,n3565
n3463,n3600
n3463,n3621
n3463,n3613
n3463,n3583
n3463,n3519
n3463,n3609
n3463,n1183
n3463,n3652
n3463,n3659
n3463,n3584
n3463,n3712
n3463,n3534
n3463,n2967
n3463,n3490
n3463,n3742
n3463,n3637
n3463,n3478
n3463,n1175
n3463,n2009
n3463,n3551
n3463,n3554
n3463,n3594
n3463,n3735
n3463,n3588
n3463,n3732
n3463,n3516
n3463,n3470
n3463,n3705
n3463,n3719
n3463,n3513
n3463,n3648
n3463,n3674
n3463,n3619
n3463,n3501
n3463,n3533
n3463,n3472
n3463,n3487
n3463,n3497
n3463,n3715
n3463,n3489
n3463,n3596
n3463,n3604
n3463,n3645
n3463,n3672
n3463,n135
n3463,n3725
n3463,n3500
n3463,n3530
n3463,n3606
n3463,n3707
n3463,n3682
n3463,n3677
n3463,n3539
n3463,n3577
n3463,n3731
n3463,n3555
n3463,n3544
n3463,n3480
n3463,n3714
n3463,n3724
n3463,n3546
n3463,n3537
n3463,n3549
n3463,n3748
n3463,n3722
n3463,n3711
n3463,n3553
n3463,n3702
n3463,n3618
n3463,n3635
n3463,n3699
n3463,n3488
n3463,n3747
n3463,n3710
n3463,n3729
n3463,n3569
n3463,n3518
n3463,n1629
n3463,n3625
n3463,n3507
n3463,n3505
n3463,n3701
n3463,n3547
n3463,n3617
n3463,n65
n3463,n1410
n3463,n3679
n3463,n3628
n3463,n3696
n3463,n3610
n3463,n3482
n3463,n3468
n3463,n2251
n3463,n3520
n3463,n3548
n3463,n411
n3463,n3540
n3463,n3599
n3463,n3592
n3463,n3642
n3463,n3657
n3463,n3375
n3463,n3638
n3463,n3593
n3463,n1642
n3463,n1184
n3463,n3265
n3463,n3743
n3463,n3698
n3463,n3687
n3463,n2280
n3463,n3574
n3463,n3723
n3463,n271
n3463,n3663
n3463,n3491
n3463,n3680
n3463,n3744
n3463,n3502
n3463,n3504
n3463,n3506
n3463,n3737
n3463,n3644
n3463,n853
n3463,n2949
n3463,n3717
n3463,n3561
n3463,n3572
n3463,n3700
n3463,n3631
n3463,n3579
n3463,n3581
n3463,n1283
n3463,n3471
n3463,n3483
n3463,n3485
n3463,n3673
n3463,n2221
n3463,n3586
n3463,n3750
n3463,n3627
n3463,n3493
n3463,n3629
n3463,n3466
n3463,n3603
n3463,n3740
n3463,n3656
n3463,n3684
n3463,n3605
n3463,n3615
n3463,n3253
n3463,n3661
n3463,n3525
n3463,n3616
n3463,n3464
n3463,n3675
n3463,n3611
n3463,n3475
n3463,n3620
n3463,n3526
n3463,n3474
n3463,n779
n3463,n3580
n3463,n3695
n3463,n4757
n3463,n3745
n3463,n3693
n3463,n3739
n3463,n3479
n3463,n96
n3463,n3545
n3463,n2406
n3463,n3509
n3463,n3575
n3463,n3708
n3463,n3607
n3463,n3264
n3463,n3713
n3463,n3691
n3463,n3536
n3463,n3597
n3463,n3558
n3463,n3559
n3463,n3650
n3463,n3686
n3463,n3690
n3463,n3703
n3463,n3589
n3463,n3633
n3463,n3726
n3463,n3560
n3463,n3515
n3463,n3484
n3463,n3521
n3463,n1649
n3463,n3641
n3463,n3667
n3463,n3492
n3463,n3541
n3463,n3576
n3463,n3683
n3463,n3665
n3463,n3556
n3463,n3481
n3463,n3510
n3463,n3477
n3463,n3741
n3463,n3512
n3463,n3718
n3463,n3685
n3463,n3564
n3463,n3688
n3463,n3113
n3463,n3751
n3463,n3634
n3463,n3608
n3463,n3639
n3463,n3622
n3463,n3476
n3463,n3562
n3463,n3736
n3463,n3658
n3463,n3662
n3463,n3749
n3463,n2264
n3463,n3508
n3463,n3643
n3463,n3552
n3463,n3670
n3463,n3585
n3463,n3473
n3463,n3496
n3463,n2721
n3463,n3587
n3463,n3632
n3463,n3630
n3463,n3738
n3463,n3647
n3463,n3654
n3463,n3465
n3463,n3612
n3463,n3566
n3463,n1568
n3463,n3640
n3463,n400
n3463,n3614
n3463,n3624
n3463,n3571
n3463,n3263
n3463,n3646
n3463,n834
n3463,n3532
n3463,n832
n3463,n3517
n3463,n3689
n3463,n3734
n3463,n3469
n3463,n3573
n3463,n3543
n3463,n3653
n3463,n3678
n3463,n3681
n3463,n6330
n3463,n3486
n3463,n3542
n3463,n3511
n3463,n3495
n3463,n3008
n3463,n3721
n3463,n3598
n3463,n3591
n3463,n3467
n3463,n3557
n3463,n3
n3463,n3655
n3463,n3567
n3463,n3535
n3463,n3668
n3752,n2734
n3753,n3760
n3753,n3755
n3753,n3757
n3753,n3790
n3753,n3772
n3753,n3763
n3753,n3765
n3753,n3785
n3753,n3786
n3753,n3762
n3753,n3777
n3753,n3789
n3753,n3767
n3753,n3756
n3753,n3778
n3753,n3775
n3753,n3774
n3753,n3793
n3753,n3798
n3753,n3803
n3753,n3794
n3753,n3804
n3753,n3754
n3753,n3792
n3753,n3802
n3753,n3799
n3753,n3808
n3753,n3801
n3753,n3797
n3753,n3806
n3753,n3770
n3753,n3788
n3753,n3795
n3753,n3805
n3753,n3800
n3753,n1417
n3753,n3771
n3753,n3761
n3753,n3759
n3753,n3787
n3753,n3769
n3753,n3780
n3753,n3791
n3753,n3796
n3753,n3768
n3753,n3773
n3753,n3783
n3753,n3809
n3753,n3807
n3753,n3764
n3753,n3782
n3753,n3779
n3753,n3758
n3753,n3781
n3753,n3784
n3753,n3766
n3753,n3776
n3810,n3820
n3810,n3836
n3810,n3817
n3810,n3839
n3810,n3835
n3810,n3039
n3810,n3824
n3810,n3840
n3810,n3826
n3810,n3823
n3810,n3838
n3810,n3830
n3810,n3819
n3810,n3814
n3810,n3841
n3810,n3813
n3810,n3833
n3810,n3821
n3810,n409
n3810,n3822
n3810,n3811
n3810,n3825
n3810,n3827
n3810,n3832
n3810,n3829
n3810,n3834
n3810,n3837
n3810,n3831
n3810,n3812
n3810,n3816
n3810,n3828
n3810,n3818
n3810,n3815
n3842,n3846
n3842,n3859
n3842,n3860
n3842,n1283
n3842,n3868
n3842,n3849
n3842,n162
n3842,n3855
n3842,n3865
n3842,n3877
n3842,n3852
n3842,n3844
n3842,n3684
n3842,n3843
n3842,n3869
n3842,n3848
n3842,n3850
n3842,n3861
n3842,n3864
n3842,n3856
n3842,n3847
n3842,n3867
n3842,n3853
n3842,n4757
n3842,n3862
n3842,n1633
n3842,n3863
n3842,n3845
n3842,n3875
n3842,n3854
n3842,n3857
n3842,n3871
n3842,n3874
n3842,n3876
n3842,n3851
n3842,n3870
n3842,n3873
n3842,n3858
n3842,n3866
n3842,n3872
n3878,n3894
n3878,n3895
n3878,n3886
n3878,n3888
n3878,n3897
n3878,n3903
n3878,n3375
n3878,n3900
n3878,n3059
n3878,n3887
n3878,n1184
n3878,n890
n3878,n3890
n3878,n3867
n3878,n3879
n3878,n3889
n3878,n3904
n3878,n1633
n3878,n3913
n3878,n3911
n3878,n3882
n3878,n2213
n3878,n3881
n3878,n3893
n3878,n3035
n3878,n3906
n3878,n121
n3878,n3912
n3878,n3891
n3878,n3546
n3878,n399
n3878,n3799
n3878,n3177
n3878,n3684
n3878,n3907
n3878,n407
n3878,n3898
n3878,n3902
n3878,n3909
n3878,n3008
n3878,n3896
n3878,n3880
n3878,n3883
n3878,n3914
n3878,n1183
n3878,n65
n3878,n3899
n3878,n3884
n3878,n3908
n3878,n3901
n3878,n3905
n3878,n3885
n3878,n3892
n3878,n3910
n3915,n1903
n3915,n3953
n3915,n3934
n3915,n3962
n3915,n3978
n3915,n3942
n3915,n3954
n3915,n3959
n3915,n3964
n3915,n3972
n3915,n3984
n3915,n3973
n3915,n1900
n3915,n3975
n3915,n3921
n3915,n3917
n3915,n3957
n3915,n3955
n3915,n3966
n3915,n83
n3915,n3969
n3915,n3932
n3915,n3925
n3915,n3927
n3915,n3979
n3915,n3935
n3915,n3947
n3915,n3977
n3915,n3936
n3915,n3980
n3915,n3940
n3915,n3916
n3915,n3922
n3915,n3928
n3915,n3923
n3915,n3939
n3915,n3948
n3915,n1894
n3915,n3971
n3915,n3974
n3915,n75
n3915,n3931
n3915,n3981
n3915,n3963
n3915,n3946
n3915,n1882
n3915,n3933
n3915,n1895
n3915,n3920
n3915,n1915
n3915,n3950
n3915,n3930
n3915,n3929
n3915,n3944
n3915,n3943
n3915,n3945
n3915,n3958
n3915,n3918
n3915,n3961
n3915,n3970
n3915,n1896
n3915,n3949
n3915,n3924
n3915,n3952
n3915,n2208
n3915,n3976
n3915,n2947
n3915,n3937
n3915,n3951
n3915,n3941
n3915,n3967
n3915,n3968
n3915,n4757
n3915,n3983
n3915,n3938
n3915,n3919
n3915,n65
n3915,n3982
n3915,n3926
n3915,n3986
n3915,n3985
n3915,n3987
n3915,n3956
n3915,n3960
n3915,n3965
n3988,n4016
n3988,n4027
n3988,n3996
n3988,n4005
n3988,n4004
n3988,n4017
n3988,n4038
n3988,n4050
n3988,n4022
n3988,n4000
n3988,n4040
n3988,n4035
n3988,n4002
n3988,n4044
n3988,n4001
n3988,n4010
n3988,n4033
n3988,n4015
n3988,n4009
n3988,n4047
n3988,n3991
n3988,n4052
n3988,n4031
n3988,n4014
n3988,n4028
n3988,n4054
n3988,n4041
n3988,n3989
n3988,n3992
n3988,n4043
n3988,n4007
n3988,n4023
n3988,n3995
n3988,n4055
n3988,n4046
n3988,n3999
n3988,n3261
n3988,n4013
n3988,n4025
n3988,n3993
n3988,n4021
n3988,n4003
n3988,n4034
n3988,n4042
n3988,n4037
n3988,n4012
n3988,n4019
n3988,n4020
n3988,n4032
n3988,n4008
n3988,n4026
n3988,n3997
n3988,n3998
n3988,n4039
n3988,n4036
n3988,n2947
n3988,n4049
n3988,n4048
n3988,n4029
n3988,n4056
n3988,n3479
n3988,n4053
n3988,n4018
n3988,n4045
n3988,n4051
n3988,n1913
n3988,n3990
n3988,n3994
n3988,n4011
n3988,n4030
n3988,n4006
n3988,n4024
n4057,n4066
n4057,n121
n4057,n4061
n4057,n4065
n4057,n4068
n4057,n4058
n4057,n600
n4057,n3026
n4057,n407
n4057,n5925
n4057,n4063
n4057,n4060
n4057,n4064
n4057,n4067
n4057,n4059
n4057,n4062
n4069,n4082
n4069,n4078
n4069,n4073
n4069,n4077
n4069,n4081
n4069,n4083
n4069,n4084
n4069,n4080
n4069,n4079
n4069,n4072
n4069,n4075
n4069,n4071
n4069,n4070
n4069,n4074
n4069,n4076
n4069,n3268
n4069,n4085
n4086,n4089
n4086,n4091
n4086,n4093
n4086,n4088
n4086,n4092
n4086,n4090
n4086,n4087
n4086,n4094
n4086,n392
n4086,n4095
n4096,n4097
n4096,n4098
n4096,n4102
n4096,n4104
n4096,n4111
n4096,n4105
n4096,n4109
n4096,n4101
n4096,n4103
n4096,n4099
n4096,n4107
n4096,n4112
n4096,n4110
n4096,n4100
n4096,n4106
n4096,n4108
n4113,n4124
n4113,n4134
n4113,n4136
n4113,n4127
n4113,n4137
n4113,n4125
n4113,n4121
n4113,n4135
n4113,n4115
n4113,n4148
n4113,n4128
n4113,n344
n4113,n4138
n4113,n4146
n4113,n4149
n4113,n4131
n4113,n4141
n4113,n4151
n4113,n4147
n4113,n4120
n4113,n4144
n4113,n4152
n4113,n4129
n4113,n4140
n4113,n4122
n4113,n4123
n4113,n4114
n4113,n4116
n4113,n4126
n4113,n4118
n4113,n4139
n4113,n4143
n4113,n4117
n4113,n4145
n4113,n4133
n4113,n4119
n4113,n4130
n4113,n4132
n4113,n4142
n4113,n4150
n4113,n4153
n4154,n4176
n4154,n4162
n4154,n4173
n4154,n4170
n4154,n2787
n4154,n4161
n4154,n4171
n4154,n4157
n4154,n4158
n4154,n4178
n4154,n4169
n4154,n4165
n4154,n4177
n4154,n4172
n4154,n4168
n4154,n4175
n4154,n4160
n4154,n4179
n4154,n4155
n4154,n4181
n4154,n4163
n4154,n4166
n4154,n4164
n4154,n4156
n4154,n4159
n4154,n4167
n4154,n4174
n4154,n4180
n4182,n4183
n4184,n411
n4184,n4217
n4184,n4210
n4184,n4202
n4184,n4208
n4184,n4213
n4184,n4200
n4184,n4201
n4184,n4216
n4184,n4223
n4184,n4190
n4184,n3890
n4184,n4209
n4184,n3867
n4184,n4221
n4184,n4198
n4184,n4197
n4184,n4212
n4184,n4192
n4184,n1217
n4184,n4215
n4184,n4205
n4184,n1567
n4184,n3065
n4184,n4186
n4184,n4188
n4184,n4222
n4184,n4204
n4184,n4203
n4184,n3546
n4184,n4185
n4184,n4207
n4184,n4206
n4184,n3684
n4184,n4195
n4184,n4193
n4184,n2208
n4184,n4199
n4184,n4220
n4184,n4189
n4184,n4194
n4184,n4211
n4184,n4196
n4184,n4219
n4184,n4214
n4184,n65
n4184,n4218
n4184,n4191
n4184,n4187
n2136,n4229
n2136,n4236
n2136,n4246
n2136,n4241
n2136,n3630
n2136,n2710
n2136,n4230
n2136,n4237
n2136,n4248
n2136,n1692
n2136,n4252
n2136,n4226
n2136,n4250
n2136,n4245
n2136,n4247
n2136,n4233
n2136,n392
n2136,n4249
n2136,n4240
n2136,n4224
n2136,n4227
n2136,n4239
n2136,n4235
n2136,n1417
n2136,n2139
n2136,n4225
n2136,n4228
n2136,n4757
n2136,n3545
n2136,n4238
n2136,n4251
n2136,n2216
n2136,n3796
n2136,n2725
n2136,n75
n2136,n4244
n2136,n2135
n2136,n2949
n2136,n4234
n2136,n4243
n2136,n4231
n2136,n4232
n2136,n4242
n2136,n4253
n4254,n1230
n4254,n4272
n4254,n4261
n4254,n4269
n4254,n4273
n4254,n4257
n4254,n4262
n4254,n4266
n4254,n4255
n4254,n4260
n4254,n4267
n4254,n4274
n4254,n4270
n4254,n4256
n4254,n4265
n4254,n4271
n4254,n4263
n4254,n4268
n4254,n4259
n4254,n4258
n4254,n4264
n4254,n2947
n4254,n2979
n4275,n4286
n4275,n4278
n4275,n4276
n4275,n4285
n4275,n400
n4275,n4279
n4275,n2670
n4275,n4281
n4275,n4287
n4275,n2643
n4275,n4282
n4275,n3326
n4275,n4284
n4275,n3312
n4275,n2683
n4275,n4737
n4275,n4283
n4275,n4280
n4275,n4277
n4275,n2632
n4288,n4289
n4288,n4331
n4288,n4316
n4288,n4295
n4288,n4332
n4288,n4308
n4288,n4324
n4288,n4345
n4288,n4326
n4288,n4315
n4288,n4325
n4288,n4301
n4288,n4290
n4288,n4306
n4288,n4296
n4288,n4304
n4288,n4291
n4288,n4300
n4288,n4336
n4288,n4298
n4288,n4302
n4288,n4341
n4288,n4322
n4288,n4334
n4288,n4319
n4288,n4312
n4288,n4342
n4288,n4333
n4288,n4299
n4288,n4320
n4288,n4311
n4288,n4321
n4288,n4344
n4288,n4305
n4288,n2092
n4288,n4335
n4288,n4328
n4288,n4330
n4288,n4337
n4288,n4297
n4288,n4293
n4288,n4309
n4288,n4343
n4288,n4339
n4288,n4314
n4288,n4303
n4288,n4310
n4288,n4338
n4288,n3771
n4288,n4340
n4288,n4292
n4288,n4323
n4288,n4307
n4288,n4318
n4288,n4313
n4288,n4327
n4288,n4294
n4288,n4329
n4288,n4317
n4346,n411
n4346,n2170
n4346,n4353
n4346,n4366
n4346,n4374
n4346,n4355
n4346,n4381
n4346,n4364
n4346,n4348
n4346,n4382
n4346,n4356
n4346,n4360
n4346,n4367
n4346,n4373
n4346,n4378
n4346,n4372
n4346,n4361
n4346,n2208
n4346,n2947
n4346,n4368
n4346,n4350
n4346,n830
n4346,n4359
n4346,n1378
n4346,n4377
n4346,n4369
n4346,n4349
n4346,n4757
n4346,n4365
n4346,n4371
n4346,n4376
n4346,n4383
n4346,n2216
n4346,n4363
n4346,n4379
n4346,n887
n4346,n4352
n4346,n4375
n4346,n196
n4346,n4351
n4346,n4380
n4346,n4347
n4346,n4357
n4346,n4358
n4346,n4362
n4346,n6
n4346,n4354
n4346,n4370
n4384,n4183
n4385,n4392
n4385,n4390
n4385,n4398
n4385,n4395
n4385,n4396
n4385,n4387
n4385,n4389
n4385,n4397
n4385,n4386
n4385,n4391
n4385,n4394
n4385,n4388
n4385,n4399
n4385,n4393
n4400,n2474
n4400,n4419
n4400,n3647
n4400,n4418
n4400,n775
n4400,n711
n4400,n4420
n4400,n4401
n4400,n400
n4400,n2480
n4400,n2478
n4400,n4405
n4400,n832
n4400,n2475
n4400,n4402
n4400,n4421
n4400,n4408
n4400,n4404
n4400,n830
n4400,n2394
n4400,n4409
n4400,n2433
n4400,n4411
n4400,n4414
n4400,n2466
n4400,n4416
n4400,n4410
n4400,n4415
n4400,n4417
n4400,n3645
n4400,n4406
n4400,n2404
n4400,n4407
n4400,n2146
n4400,n4413
n4400,n2427
n4400,n4412
n4400,n4403
n4422,n4431
n4422,n4432
n4422,n4424
n4422,n4427
n4422,n4757
n4422,n600
n4422,n4430
n4422,n4425
n4422,n4429
n4422,n1835
n4422,n4428
n4422,n3157
n4422,n4426
n4422,n4423
n4433,n3370
n4433,n4435
n4433,n4437
n4433,n4436
n4433,n4434
n4438,n4440
n4438,n4446
n4438,n4448
n4438,n4444
n4438,n4447
n4438,n4441
n4438,n4445
n4438,n4439
n4438,n4442
n4438,n4443
n4449,n4450
n4449,n4454
n4449,n4452
n4449,n4467
n4449,n4462
n4449,n4470
n4449,n4460
n4449,n4451
n4449,n4466
n4449,n4471
n4449,n4474
n4449,n4464
n4449,n4458
n4449,n4472
n4449,n4475
n4449,n4456
n4449,n4463
n4449,n4476
n4449,n4479
n4449,n4478
n4449,n4469
n4449,n4477
n4449,n4457
n4449,n4453
n4449,n4465
n4449,n4455
n4449,n4459
n4449,n4473
n4449,n4468
n4449,n4461
n4480,n4486
n4480,n4483
n4480,n738
n4480,n3647
n4480,n4503
n4480,n4485
n4480,n4491
n4480,n832
n4480,n4490
n4480,n4497
n4480,n4481
n4480,n4499
n4480,n4498
n4480,n4501
n4480,n4489
n4480,n4504
n4480,n4495
n4480,n4506
n4480,n4487
n4480,n4492
n4480,n4496
n4480,n4482
n4480,n2639
n4480,n4494
n4480,n4502
n4480,n4500
n4480,n4505
n4480,n4488
n4480,n4484
n4480,n4493
n4507,n4561
n4507,n4567
n4507,n4516
n4507,n4535
n4507,n3589
n4507,n4532
n4507,n4562
n4507,n4573
n4507,n4534
n4507,n4537
n4507,n4539
n4507,n4545
n4507,n4566
n4507,n4523
n4507,n4512
n4507,n4531
n4507,n4527
n4507,n4510
n4507,n4571
n4507,n4578
n4507,n4511
n4507,n4560
n4507,n4529
n4507,n4568
n4507,n4563
n4507,n4520
n4507,n2292
n4507,n4522
n4507,n4546
n4507,n4544
n4507,n4574
n4507,n4530
n4507,n4579
n4507,n4508
n4507,n853
n4507,n4540
n4507,n4557
n4507,n4519
n4507,n4524
n4507,n4556
n4507,n1637
n4507,n4553
n4507,n121
n4507,n4541
n4507,n1568
n4507,n4570
n4507,n4509
n4507,n4565
n4507,n4548
n4507,n4550
n4507,n4551
n4507,n3546
n4507,n4559
n4507,n4185
n4507,n4513
n4507,n4554
n4507,n4515
n4507,n3195
n4507,n4542
n4507,n4575
n4507,n4555
n4507,n4517
n4507,n4533
n4507,n4564
n4507,n4536
n4507,n4525
n4507,n4543
n4507,n4538
n4507,n4549
n4507,n4577
n4507,n4219
n4507,n65
n4507,n4552
n4507,n4514
n4507,n4518
n4507,n1172
n4507,n4528
n4507,n4558
n4507,n4526
n4507,n4576
n4507,n4569
n4507,n4572
n4507,n4521
n4507,n4547
n4580,n4583
n4580,n4587
n4580,n4581
n4580,n4582
n4580,n1221
n4580,n4588
n4580,n4584
n4580,n4585
n4580,n4586
n4589,n4608
n4589,n4613
n4589,n4595
n4589,n4599
n4589,n4631
n4589,n4619
n4589,n4626
n4589,n4603
n4589,n4607
n4589,n4597
n4589,n4618
n4589,n3856
n4589,n4604
n4589,n4623
n4589,n4630
n4589,n3239
n4589,n4593
n4589,n1179
n4589,n4611
n4589,n4606
n4589,n4632
n4589,n2101
n4589,n4600
n4589,n1633
n4589,n4610
n4589,n4609
n4589,n345
n4589,n246
n4589,n4596
n4589,n4614
n4589,n4615
n4589,n4616
n4589,n4591
n4589,n4624
n4589,n121
n4589,n3794
n4589,n4620
n4589,n119
n4589,n4592
n4589,n4598
n4589,n4625
n4589,n4629
n4589,n4590
n4589,n4605
n4589,n4617
n4589,n1422
n4589,n4622
n4589,n4601
n4589,n4621
n4589,n4602
n4589,n4627
n4589,n4612
n4589,n4628
n4589,n4594
n4633,n4674
n4633,n4689
n4633,n4653
n4633,n4686
n4633,n4685
n4633,n4641
n4633,n4665
n4633,n4657
n4633,n3648
n4633,n4648
n4633,n3861
n4633,n4681
n4633,n4652
n4633,n4670
n4633,n4684
n4633,n4667
n4633,n4640
n4633,n4647
n4633,n4677
n4633,n4671
n4633,n4678
n4633,n4634
n4633,n4676
n4633,n4639
n4633,n2844
n4633,n4642
n4633,n4651
n4633,n4661
n4633,n4668
n4633,n4683
n4633,n4644
n4633,n4662
n4633,n4687
n4633,n4645
n4633,n4664
n4633,n4638
n4633,n4675
n4633,n4682
n4633,n4659
n4633,n4666
n4633,n4680
n4633,n4636
n4633,n4688
n4633,n4669
n4633,n4672
n4633,n4656
n4633,n4655
n4633,n4660
n4633,n4649
n4633,n4663
n4633,n4650
n4633,n4635
n4633,n4658
n4633,n4679
n4633,n4646
n4633,n4643
n4633,n4673
n4633,n4654
n4633,n4637
n4690,n4183
n4691,n4697
n4691,n321
n4691,n4692
n4691,n4693
n4691,n4700
n4691,n4696
n4691,n4699
n4691,n4698
n4691,n4701
n4691,n4694
n4691,n4695
n4278,n734
n4278,n4719
n4278,n4279
n4278,n4728
n4278,n4703
n4278,n4725
n4278,n4717
n4278,n4704
n4278,n4284
n4278,n3312
n4278,n4724
n4278,n4729
n4278,n4705
n4278,n4286
n4278,n4285
n4278,n4714
n4278,n4282
n4278,n3326
n4278,n4721
n4278,n4708
n4278,n4723
n4278,n4283
n4278,n2632
n4278,n4712
n4278,n3647
n4278,n4727
n4278,n775
n4278,n4715
n4278,n4716
n4278,n400
n4278,n2670
n4278,n4281
n4278,n4726
n4278,n4707
n4278,n4706
n4278,n4730
n4278,n4713
n4278,n4702
n4278,n765
n4278,n4718
n4278,n4720
n4278,n4757
n4278,n4287
n4278,n4711
n4278,n4709
n4278,n4722
n4278,n4710
n4278,n2683
n4278,n4737
n4278,n4277
n4731,n4183
n4732,n4733
n4734,n4183
n4735,n4764
n4735,n4073
n4735,n843
n4735,n4745
n4735,n4758
n4735,n4741
n4735,n4739
n4735,n83
n4735,n4774
n4735,n4762
n4735,n4776
n4735,n4740
n4735,n4752
n4735,n4744
n4735,n2639
n4735,n4763
n4735,n4757
n4735,n3889
n4735,n4769
n4735,n4773
n4735,n4749
n4735,n4751
n4735,n4742
n4735,n4748
n4735,n4772
n4735,n4738
n4735,n4750
n4735,n4760
n4735,n4737
n4735,n4775
n4735,n4746
n4735,n4761
n4735,n4755
n4735,n4770
n4735,n4405
n4735,n4759
n4735,n4771
n4735,n832
n4735,n4743
n4735,n4767
n4735,n4747
n4735,n4756
n4735,n531
n4735,n4753
n4735,n727
n4735,n4768
n4735,n4736
n4735,n4766
n4735,n1514
n4735,n4754
n4735,n4765
n4777,n3021
n4777,n4782
n4777,n4799
n4777,n162
n4777,n4781
n4777,n4786
n4777,n4796
n4777,n3772
n4777,n4808
n4777,n4810
n4777,n4800
n4777,n3900
n4777,n4803
n4777,n4784
n4777,n4797
n4777,n4794
n4777,n4795
n4777,n1417
n4777,n4785
n4777,n4789
n4777,n4790
n4777,n4793
n4777,n4792
n4777,n4802
n4777,n4779
n4777,n4804
n4777,n4780
n4777,n4778
n4777,n4788
n4777,n4783
n4777,n4798
n4777,n4806
n4777,n4801
n4777,n3796
n4777,n4791
n4777,n4809
n4777,n4805
n4777,n3858
n4777,n4787
n4777,n4807
n4811,n4825
n4811,n411
n4811,n4829
n4811,n4819
n4811,n4815
n4811,n4817
n4811,n4757
n4811,n4821
n4811,n4822
n4811,n4814
n4811,n4816
n4811,n4826
n4811,n3268
n4811,n4824
n4811,n4813
n4811,n4820
n4811,n4812
n4811,n4818
n4811,n344
n4811,n4828
n4811,n4090
n4811,n4827
n4811,n4830
n4811,n4823
n4831,n2339
n4831,n4837
n4831,n4838
n4831,n4852
n4831,n810
n4831,n4854
n4831,n1799
n4831,n4853
n4831,n4849
n4831,n4855
n4831,n4836
n4831,n4832
n4831,n4845
n4831,n1216
n4831,n4856
n4831,n3546
n4831,n3799
n4831,n4833
n4831,n4864
n4831,n4843
n4831,n4847
n4831,n4850
n4831,n4835
n4831,n4862
n4831,n4617
n4831,n1225
n4831,n4839
n4831,n790
n4831,n4851
n4831,n2285
n4831,n4858
n4831,n4863
n4831,n4848
n4831,n4841
n4831,n4840
n4831,n4842
n4831,n4844
n4831,n65
n4831,n2967
n4831,n4846
n4831,n4860
n4831,n4861
n4831,n4834
n4831,n4857
n4831,n772
n4831,n819
n4831,n4859
n2673,n4912
n2673,n734
n2673,n4915
n2673,n4937
n2673,n4931
n2673,n4904
n2673,n4867
n2673,n4881
n2673,n4887
n2673,n4924
n2673,n4914
n2673,n4936
n2673,n3312
n2673,n4923
n2673,n1692
n2673,n4901
n2673,n4870
n2673,n4902
n2673,n4886
n2673,n4891
n2673,n4889
n2673,n4893
n2673,n4919
n2673,n4900
n2673,n4874
n2673,n4883
n2673,n4922
n2673,n4926
n2673,n4907
n2673,n4935
n2673,n4916
n2673,n4917
n2673,n2697
n2673,n4875
n2673,n4876
n2673,n4921
n2673,n4896
n2673,n4897
n2673,n3314
n2673,n4909
n2673,n4878
n2673,n4911
n2673,n4899
n2673,n4918
n2673,n4888
n2673,n3346
n2673,n4913
n2673,n4906
n2673,n4920
n2673,n4930
n2673,n4865
n2673,n4898
n2673,n4871
n2673,n4929
n2673,n4869
n2673,n667
n2673,n4879
n2673,n4925
n2673,n4892
n2673,n4877
n2673,n4934
n2673,n4866
n2673,n4872
n2673,n397
n2673,n4910
n2673,n4928
n2673,n4894
n2673,n4933
n2673,n4884
n2673,n4908
n2673,n4932
n2673,n4895
n2673,n4868
n2673,n2648
n2673,n4885
n2673,n4287
n2673,n4905
n2673,n4873
n2673,n4927
n2673,n4903
n2673,n4890
n2673,n4880
n2673,n4882
n4938,n4943
n4938,n121
n4938,n4757
n4938,n901
n4938,n4947
n4938,n2397
n4938,n4944
n4938,n3796
n4938,n4382
n4938,n4948
n4938,n3043
n4938,n4941
n4938,n4939
n4938,n4942
n4938,n4784
n4938,n4946
n4938,n4945
n4938,n4940
n4949,n4183
n4950,n4958
n4950,n3647
n4950,n4960
n4950,n4962
n4950,n4971
n4950,n4966
n4950,n4972
n4950,n4965
n4950,n4973
n4950,n4955
n4950,n4970
n4950,n4981
n4950,n4974
n4950,n4957
n4950,n4969
n4950,n4952
n4950,n4975
n4950,n4954
n4950,n4982
n4950,n4953
n4950,n4956
n4950,n4977
n4950,n4968
n4950,n4978
n4950,n4980
n4950,n4959
n4950,n4961
n4950,n4964
n4950,n4979
n4950,n4983
n4950,n4951
n4950,n4967
n4950,n4963
n4950,n4976
n4984,n4996
n4984,n4997
n4984,n4990
n4984,n4988
n4984,n4989
n4984,n4987
n4984,n4994
n4984,n4998
n4984,n4985
n4984,n4993
n4984,n4992
n4984,n4991
n4984,n4995
n4984,n4986
n4999,n5016
n4999,n5009
n4999,n5017
n4999,n5004
n4999,n3763
n4999,n5006
n4999,n5014
n4999,n5000
n4999,n5010
n4999,n5007
n4999,n3830
n4999,n5001
n4999,n5012
n4999,n5002
n4999,n204
n4999,n5005
n4999,n5013
n4999,n5011
n4999,n5008
n4999,n5015
n4999,n5003
n5018,n5020
n5018,n5021
n5018,n5019
n5022,n4733
n193,n5032
n193,n177
n193,n2848
n193,n5030
n193,n5034
n193,n5033
n193,n5023
n193,n5025
n193,n5027
n193,n2910
n193,n5024
n193,n5028
n193,n5029
n193,n5026
n193,n5031
n5035,n4733
n5036,n4733
n4129,n321
n4129,n210
n4129,n5059
n4129,n5042
n4129,n5061
n4129,n5052
n4129,n2281
n4129,n5058
n4129,n2092
n4129,n5056
n4129,n5040
n4129,n4692
n4129,n5057
n4129,n5053
n4129,n5060
n4129,n5062
n4129,n5054
n4129,n5063
n4129,n5048
n4129,n5049
n4129,n5051
n4129,n2208
n4129,n5055
n4129,n5041
n4129,n5043
n4129,n5039
n4129,n5064
n4129,n5047
n4129,n5050
n4129,n5038
n4129,n5045
n4129,n65
n4129,n5044
n4129,n5046
n4129,n3749
n4129,n5037
n4129,n5065
n5066,n81
n5066,n5096
n5066,n5082
n5066,n2476
n5066,n5111
n5066,n5081
n5066,n5098
n5066,n5103
n5066,n5099
n5066,n83
n5066,n86
n5066,n5068
n5066,n5071
n5066,n5072
n5066,n5086
n5066,n5080
n5066,n5094
n5066,n5089
n5066,n5095
n5066,n3135
n5066,n5109
n5066,n5100
n5066,n5925
n5066,n5073
n5066,n5104
n5066,n1781
n5066,n5079
n5066,n853
n5066,n3077
n5066,n5074
n5066,n5102
n5066,n3065
n5066,n5091
n5066,n1622
n5066,n5069
n5066,n5106
n5066,n5077
n5066,n5110
n5066,n5075
n5066,n5076
n5066,n5101
n5066,n5084
n5066,n5090
n5066,n5085
n5066,n5070
n5066,n1177
n5066,n5093
n5066,n6462
n5066,n5087
n5066,n5108
n5066,n5097
n5066,n5107
n5066,n5078
n5066,n1579
n5066,n96
n5066,n5088
n5066,n5105
n5066,n3058
n5066,n5067
n5066,n5092
n5066,n5083
n5066,n6415
n5112,n5132
n5112,n5122
n5112,n5193
n5112,n5196
n5112,n5123
n5112,n5113
n5112,n1817
n5112,n4619
n5112,n5154
n5112,n5137
n5112,n5152
n5112,n5179
n5112,n5195
n5112,n5142
n5112,n5116
n5112,n5126
n5112,n5135
n5112,n5191
n5112,n5121
n5112,n5174
n5112,n5170
n5112,n5192
n5112,n5141
n5112,n3763
n5112,n5158
n5112,n5164
n5112,n5128
n5112,n5162
n5112,n5177
n5112,n5182
n5112,n5161
n5112,n5166
n5112,n5117
n5112,n5118
n5112,n2949
n5112,n5136
n5112,n5155
n5112,n5124
n5112,n5129
n5112,n5130
n5112,n5168
n5112,n5184
n5112,n5125
n5112,n5167
n5112,n4210
n5112,n5172
n5112,n5156
n5112,n5173
n5112,n5181
n5112,n5159
n5112,n5149
n5112,n5157
n5112,n5119
n5112,n5194
n5112,n5146
n5112,n3546
n5112,n5127
n5112,n1177
n5112,n5144
n5112,n4784
n5112,n5150
n5112,n5178
n5112,n5188
n5112,n5134
n5112,n2208
n5112,n5115
n5112,n5171
n5112,n5153
n5112,n3782
n5112,n5114
n5112,n5165
n5112,n5180
n5112,n5163
n5112,n5176
n5112,n5138
n5112,n5186
n5112,n5187
n5112,n5169
n5112,n5140
n5112,n5148
n5112,n5133
n5112,n5175
n5112,n5189
n5112,n5120
n5112,n5139
n5112,n65
n5112,n5185
n5112,n5145
n5112,n5143
n5112,n5190
n5112,n5131
n5112,n5160
n5112,n5151
n5112,n5183
n5112,n5147
n5197,n5204
n5197,n5201
n5197,n5225
n5197,n5198
n5197,n5217
n5197,n5212
n5197,n5230
n5197,n5208
n5197,n5216
n5197,n5206
n5197,n5210
n5197,n5229
n5197,n5200
n5197,n3684
n5197,n5207
n5197,n5219
n5197,n5209
n5197,n5220
n5197,n5221
n5197,n5205
n5197,n5218
n5197,n5223
n5197,n1629
n5197,n5203
n5197,n4757
n5197,n5228
n5197,n5215
n5197,n5227
n5197,n5213
n5197,n5222
n5197,n5214
n5197,n816
n5197,n5211
n5197,n3048
n5197,n5226
n5197,n5199
n5197,n5202
n5197,n5224
n5231,n5253
n5231,n5246
n5231,n5249
n5231,n5250
n5231,n5257
n5231,n5236
n5231,n5243
n5231,n5252
n5231,n6307
n5231,n5247
n5231,n5258
n5231,n5234
n5231,n5237
n5231,n5239
n5231,n5242
n5231,n5244
n5231,n5248
n5231,n5232
n5231,n5251
n5231,n5254
n5231,n5235
n5231,n5245
n5231,n5255
n5231,n5241
n5231,n5256
n5231,n5233
n5231,n5240
n5231,n5238
n5259,n5261
n5259,n5277
n5259,n5296
n5259,n738
n5259,n5288
n5259,n5297
n5259,n5285
n5259,n5289
n5259,n5281
n5259,n5293
n5259,n5268
n5259,n832
n5259,n1240
n5259,n5286
n5259,n5265
n5259,n747
n5259,n5284
n5259,n5287
n5259,n5271
n5259,n5273
n5259,n5267
n5259,n5279
n5259,n5260
n5259,n5262
n5259,n5275
n5259,n5278
n5259,n5298
n5259,n4744
n5259,n2639
n5259,n4757
n5259,n5264
n5259,n1119
n5259,n5263
n5259,n5282
n5259,n5290
n5259,n5283
n5259,n5294
n5259,n5295
n5259,n5272
n5259,n5276
n5259,n5280
n5259,n5291
n5259,n5266
n5259,n5269
n5259,n5270
n5259,n4760
n5259,n5274
n5259,n5292
n5299,n5315
n5299,n5312
n5299,n5330
n5299,n5324
n5299,n5303
n5299,n5305
n5299,n738
n5299,n3647
n5299,n5316
n5299,n5319
n5299,n5301
n5299,n5307
n5299,n4038
n5299,n5311
n5299,n5317
n5299,n5332
n5299,n5340
n5299,n5314
n5299,n5321
n5299,n5333
n5299,n5326
n5299,n5339
n5299,n5310
n5299,n832
n5299,n5337
n5299,n4743
n5299,n5304
n5299,n5322
n5299,n5334
n5299,n5338
n5299,n5323
n5299,n5327
n5299,n5300
n5299,n4828
n5299,n5325
n5299,n5306
n5299,n5336
n5299,n5308
n5299,n5309
n5299,n5318
n5299,n1929
n5299,n5328
n5299,n5335
n5299,n5320
n5299,n5331
n5299,n5302
n5299,n5313
n5299,n5329
n5341,n4183
n4882,n5348
n4882,n411
n4882,n5357
n4882,n5362
n4882,n2695
n4882,n2679
n4882,n5358
n4882,n2660
n4882,n5355
n4882,n5359
n4882,n4704
n4882,n5365
n4882,n5344
n4882,n5356
n4882,n74
n4882,n5364
n4882,n2640
n4882,n5360
n4882,n4720
n4882,n5347
n4882,n2628
n4882,n2639
n4882,n4757
n4882,n5342
n4882,n2697
n4882,n5343
n4882,n5353
n4882,n5349
n4882,n5345
n4882,n5363
n4882,n5350
n4882,n5361
n4882,n5352
n4882,n5351
n4882,n3346
n4882,n5346
n4882,n5354
n5366,n4183
n5367,n5382
n5367,n5368
n5367,n5379
n5367,n5390
n5367,n5394
n5367,n5385
n5367,n5383
n5367,n5392
n5367,n5398
n5367,n5372
n5367,n5370
n5367,n5387
n5367,n5396
n5367,n5374
n5367,n5388
n5367,n5393
n5367,n5386
n5367,n5399
n5367,n5389
n5367,n5384
n5367,n5376
n5367,n5375
n5367,n5369
n5367,n5397
n5367,n5377
n5367,n5391
n5367,n5380
n5367,n5371
n5367,n5373
n5367,n5395
n5367,n5400
n5367,n5378
n5367,n5381
n5401,n5446
n5401,n5480
n5401,n5496
n5401,n5453
n5401,n5516
n5401,n5485
n5401,n5486
n5401,n5449
n5401,n5470
n5401,n5481
n5401,n5492
n5401,n5460
n5401,n5432
n5401,n5454
n5401,n5495
n5401,n5525
n5401,n5413
n5401,n5473
n5401,n5517
n5401,n5443
n5401,n5438
n5401,n5524
n5401,n5472
n5401,n5500
n5401,n5512
n5401,n5499
n5401,n5506
n5401,n5408
n5401,n5509
n5401,n2430
n5401,n5419
n5401,n5435
n5401,n5462
n5401,n5402
n5401,n5487
n5401,n5425
n5401,n5450
n5401,n5436
n5401,n5504
n5401,n2035
n5401,n5428
n5401,n5447
n5401,n5527
n5401,n5455
n5401,n5461
n5401,n5403
n5401,n4364
n5401,n5469
n5401,n5526
n5401,n5407
n5401,n5507
n5401,n5424
n5401,n5433
n5401,n5514
n5401,n5458
n5401,n5431
n5401,n5476
n5401,n5448
n5401,n5417
n5401,n5414
n5401,n5508
n5401,n5521
n5401,n3516
n5401,n5445
n5401,n5479
n5401,n5493
n5401,n5484
n5401,n5491
n5401,n3201
n5401,n5505
n5401,n5471
n5401,n5442
n5401,n5474
n5401,n5421
n5401,n5463
n5401,n5405
n5401,n5488
n5401,n5464
n5401,n5409
n5401,n5466
n5401,n5467
n5401,n5406
n5401,n5429
n5401,n5482
n5401,n5497
n5401,n5441
n5401,n5501
n5401,n5483
n5401,n5477
n5401,n5511
n5401,n5430
n5401,n5513
n5401,n5412
n5401,n5404
n5401,n5518
n5401,n5494
n5401,n5459
n5401,n5503
n5401,n5490
n5401,n5423
n5401,n5427
n5401,n5478
n5401,n5418
n5401,n5498
n5401,n5422
n5401,n5416
n5401,n5451
n5401,n5522
n5401,n5410
n5401,n5437
n5401,n5465
n5401,n5444
n5401,n5523
n5401,n5411
n5401,n5468
n5401,n5502
n5401,n2508
n5401,n5475
n5401,n2036
n5401,n5426
n5401,n5510
n5401,n5420
n5401,n5520
n5401,n5452
n5401,n5434
n5401,n5439
n5401,n5440
n5401,n5489
n5401,n5457
n5401,n5515
n5401,n5415
n5401,n5456
n5401,n5519
n1177,n5544
n1177,n5614
n1177,n5566
n1177,n5550
n1177,n5597
n1177,n5626
n1177,n5599
n1177,n5577
n1177,n3593
n1177,n5533
n1177,n5553
n1177,n5555
n1177,n5572
n1177,n5532
n1177,n5551
n1177,n5531
n1177,n5600
n1177,n5636
n1177,n5540
n1177,n5546
n1177,n5617
n1177,n5589
n1177,n5545
n1177,n5109
n1177,n5598
n1177,n1835
n1177,n1633
n1177,n5563
n1177,n5556
n1177,n5609
n1177,n5582
n1177,n2949
n1177,n5573
n1177,n5631
n1177,n5570
n1177,n2246
n1177,n5606
n1177,n5639
n1177,n1614
n1177,n5581
n1177,n3471
n1177,n5557
n1177,n5592
n1177,n5621
n1177,n5528
n1177,n4185
n1177,n5558
n1177,n5591
n1177,n5580
n1177,n5603
n1177,n5619
n1177,n5590
n1177,n5559
n1177,n5562
n1177,n4757
n1177,n5534
n1177,n5529
n1177,n5628
n1177,n1819
n1177,n5594
n1177,n3058
n1177,n5568
n1177,n5627
n1177,n5567
n1177,n1175
n1177,n1850
n1177,n5604
n1177,n1649
n1177,n5561
n1177,n5576
n1177,n5610
n1177,n5641
n1177,n1176
n1177,n5596
n1177,n5552
n1177,n5539
n1177,n5571
n1177,n4607
n1177,n1174
n1177,n5537
n1177,n5536
n1177,n5547
n1177,n5602
n1177,n5625
n1177,n5637
n1177,n5623
n1177,n5530
n1177,n5542
n1177,n5586
n1177,n5616
n1177,n1218
n1177,n3736
n1177,n5535
n1177,n5618
n1177,n5607
n1177,n3552
n1177,n2437
n1177,n5635
n1177,n5605
n1177,n1637
n1177,n5574
n1177,n5601
n1177,n5640
n1177,n3555
n1177,n5560
n1177,n5543
n1177,n5564
n1177,n5565
n1177,n1706
n1177,n5569
n1177,n3546
n1177,n5548
n1177,n5588
n1177,n5612
n1177,n5634
n1177,n5608
n1177,n5575
n1177,n5585
n1177,n5541
n1177,n5629
n1177,n5595
n1177,n5587
n1177,n5632
n1177,n5622
n1177,n5583
n1177,n65
n1177,n5620
n1177,n5578
n1177,n5554
n1177,n5611
n1177,n5613
n1177,n5579
n1177,n5615
n1177,n5549
n1177,n5593
n1177,n5538
n1177,n5624
n1177,n5630
n1177,n5633
n1177,n5584
n1177,n5638
n1177,n1846
n5642,n5653
n5642,n5658
n5642,n3647
n5642,n3690
n5642,n5069
n5642,n4374
n5642,n1251
n5642,n5643
n5642,n5649
n5642,n1240
n5642,n5644
n5642,n5645
n5642,n5654
n5642,n3131
n5642,n5656
n5642,n5647
n5642,n5651
n5642,n5659
n5642,n4417
n5642,n5648
n5642,n5652
n5642,n1998
n5642,n5657
n5642,n1234
n5642,n5650
n5642,n5655
n5642,n5646
n5660,n5699
n5660,n5701
n5660,n5687
n5660,n5684
n5660,n5667
n5660,n5693
n5660,n5694
n5660,n5683
n5660,n5666
n5660,n5710
n5660,n5668
n5660,n5664
n5660,n5689
n5660,n5678
n5660,n5706
n5660,n5709
n5660,n5670
n5660,n5682
n5660,n5662
n5660,n5696
n5660,n5700
n5660,n5663
n5660,n5673
n5660,n2721
n5660,n5704
n5660,n5661
n5660,n5690
n5660,n5688
n5660,n5671
n5660,n5685
n5660,n5672
n5660,n5705
n5660,n5695
n5660,n5707
n5660,n5681
n5660,n5691
n5660,n2947
n5660,n5698
n5660,n5677
n5660,n5680
n5660,n5676
n5660,n5697
n5660,n5679
n5660,n5703
n5660,n5669
n5660,n5702
n5660,n5665
n5660,n5686
n5660,n5675
n5660,n5674
n5660,n5708
n5660,n5692
n5711,n1183
n5711,n65
n5711,n5713
n5711,n5712
n5711,n1633
n5714,n5724
n5714,n5726
n5714,n5744
n5714,n4038
n5714,n5759
n5714,n2420
n5714,n1692
n5714,n5740
n5714,n5766
n5714,n5769
n5714,n5775
n5714,n5717
n5714,n5736
n5714,n5752
n5714,n5750
n5714,n5758
n5714,n5763
n5714,n392
n5714,n5780
n5714,n5754
n5714,n5742
n5714,n5734
n5714,n5719
n5714,n5746
n5714,n5718
n5714,n1633
n5714,n5729
n5714,n5728
n5714,n5748
n5714,n5765
n5714,n1609
n5714,n5772
n5714,n2949
n5714,n3322
n5714,n5735
n5714,n5741
n5714,n4358
n5714,n5756
n5714,n5715
n5714,n5721
n5714,n5725
n5714,n5757
n5714,n5720
n5714,n4757
n5714,n5768
n5714,n5716
n5714,n5761
n5714,n5733
n5714,n5738
n5714,n5747
n5714,n5782
n5714,n5783
n5714,n5771
n5714,n5773
n5714,n5753
n5714,n3144
n5714,n5779
n5714,n5760
n5714,n5749
n5714,n5755
n5714,n5778
n5714,n5745
n5714,n5764
n5714,n5739
n5714,n5762
n5714,n5751
n5714,n5723
n5714,n5777
n5714,n5731
n5714,n5722
n5714,n5732
n5714,n5767
n5714,n5727
n5714,n5730
n5714,n5781
n5714,n5743
n5714,n5776
n5714,n5737
n5714,n5770
n5714,n5774
n5784,n5805
n5784,n5834
n5784,n5861
n5784,n5833
n5784,n5896
n5784,n5891
n5784,n5816
n5784,n5889
n5784,n5893
n5784,n5863
n5784,n5827
n5784,n5898
n5784,n5858
n5784,n5868
n5784,n5815
n5784,n5848
n5784,n5832
n5784,n5820
n5784,n5840
n5784,n5821
n5784,n5867
n5784,n5869
n5784,n5895
n5784,n5787
n5784,n5809
n5784,n5857
n5784,n5845
n5784,n5806
n5784,n5830
n5784,n5866
n5784,n5822
n5784,n5899
n5784,n5890
n5784,n5828
n5784,n5818
n5784,n5810
n5784,n5843
n5784,n5819
n5784,n5872
n5784,n5862
n5784,n5865
n5784,n5789
n5784,n5804
n5784,n5831
n5784,n5842
n5784,n5853
n5784,n5829
n5784,n5825
n5784,n5877
n5784,n5808
n5784,n5792
n5784,n5813
n5784,n5812
n5784,n5849
n5784,n5788
n5784,n5885
n5784,n5794
n5784,n5847
n5784,n5807
n5784,n5826
n5784,n5883
n5784,n5876
n5784,n5855
n5784,n5860
n5784,n5881
n5784,n5838
n5784,n5800
n5784,n5835
n5784,n5874
n5784,n5879
n5784,n5841
n5784,n5837
n5784,n5814
n5784,n5887
n5784,n5852
n5784,n5811
n5784,n5871
n5784,n5878
n5784,n5875
n5784,n5892
n5784,n5894
n5784,n5796
n5784,n5851
n5784,n5846
n5784,n5859
n5784,n5880
n5784,n5801
n5784,n5844
n5784,n5839
n5784,n5817
n5784,n5850
n5784,n5854
n5784,n5823
n5784,n5864
n5784,n5856
n5784,n5799
n5784,n5786
n5784,n5873
n5784,n5888
n5784,n5793
n5784,n5802
n5784,n5886
n5784,n5836
n5784,n5795
n5784,n5884
n5784,n5797
n5784,n5785
n5784,n5798
n5784,n5870
n5784,n5824
n5784,n5897
n5784,n5803
n5784,n5790
n5784,n5882
n5784,n5791
n5900,n5901
n5902,n5919
n5902,n5918
n5902,n5911
n5902,n5908
n5902,n1216
n5902,n5916
n5902,n5905
n5902,n5913
n5902,n5920
n5902,n5904
n5902,n5907
n5902,n5910
n5902,n3909
n5902,n5912
n5902,n4757
n5902,n5909
n5902,n5917
n5902,n5914
n5902,n5903
n5902,n1183
n5902,n5906
n5902,n65
n5902,n5915
n5902,n2967
n5902,n3157
n5902,n5921
n5922,n1422
n5922,n4185
n5922,n2967
n5923,n5928
n5923,n5927
n5923,n1283
n5923,n5926
n5923,n1850
n5923,n5925
n5923,n5924
n5929,n5930
n5931,n5943
n5931,n5949
n5931,n4799
n5931,n4022
n5931,n5985
n5931,n5939
n5931,n5954
n5931,n5964
n5931,n5974
n5931,n5978
n5931,n5990
n5931,n5956
n5931,n5976
n5931,n5934
n5931,n5951
n5931,n5977
n5931,n5936
n5931,n5941
n5931,n5983
n5931,n5962
n5931,n5969
n5931,n5947
n5931,n5966
n5931,n5965
n5931,n5972
n5931,n4054
n5931,n5946
n5931,n5950
n5931,n5975
n5931,n3102
n5931,n5961
n5931,n5952
n5931,n5994
n5931,n5984
n5931,n5935
n5931,n5958
n5931,n5955
n5931,n2949
n5931,n5973
n5931,n5992
n5931,n5944
n5931,n5986
n5931,n2721
n5931,n5942
n5931,n5960
n5931,n5993
n5931,n5968
n5931,n5932
n5931,n4037
n5931,n5991
n5931,n4185
n5931,n5957
n5931,n5988
n5931,n5963
n5931,n5937
n5931,n5948
n5931,n2947
n5931,n5967
n5931,n5945
n5931,n5981
n5931,n5959
n5931,n5987
n5931,n5989
n5931,n5940
n5931,n5979
n5931,n5970
n5931,n5971
n5931,n5933
n5931,n5982
n5931,n5980
n5931,n5953
n5931,n5938
n5995,n5998
n5995,n5999
n5995,n5997
n5995,n5996
n5995,n5925
n6000,n6008
n6000,n6017
n6000,n6010
n6000,n6046
n6000,n6013
n6000,n6004
n6000,n6020
n6000,n6006
n6000,n6012
n6000,n6034
n6000,n6043
n6000,n6039
n6000,n6030
n6000,n6040
n6000,n6047
n6000,n6027
n6000,n6005
n6000,n6021
n6000,n6024
n6000,n6009
n6000,n6037
n6000,n6003
n6000,n6033
n6000,n6044
n6000,n6011
n6000,n6031
n6000,n6032
n6000,n6026
n6000,n6029
n6000,n6042
n6000,n6016
n6000,n6002
n6000,n6015
n6000,n6035
n6000,n6045
n6000,n6023
n6000,n6028
n6000,n6019
n6000,n6025
n6000,n1781
n6000,n6041
n6000,n6036
n6000,n6018
n6000,n6014
n6000,n6022
n6000,n6038
n6000,n6001
n6000,n6007
n6048,n6060
n6048,n738
n6048,n3647
n6048,n5656
n6048,n6053
n6048,n6057
n6048,n6049
n6048,n843
n6048,n6059
n6048,n1251
n6048,n6050
n6048,n4405
n6048,n1240
n6048,n832
n6048,n6056
n6048,n6054
n6048,n6052
n6048,n6055
n6048,n6058
n6048,n449
n6048,n6051
n6061,n6094
n6061,n6095
n6061,n6096
n6061,n6099
n6061,n6063
n6061,n6067
n6061,n6079
n6061,n6091
n6061,n6100
n6061,n6097
n6061,n6082
n6061,n6090
n6061,n6093
n6061,n6086
n6061,n6076
n6061,n6098
n6061,n6081
n6061,n6073
n6061,n6083
n6061,n6084
n6061,n6085
n6061,n6069
n6061,n6088
n6061,n6101
n6061,n6070
n6061,n6074
n6061,n6092
n6061,n6066
n6061,n6089
n6061,n6062
n6061,n6065
n6061,n6071
n6061,n6075
n6061,n6080
n6061,n6087
n6061,n6072
n6061,n6068
n6061,n6064
n6061,n6077
n6061,n6078
n6102,n6116
n6102,n6109
n6102,n6111
n6102,n6107
n6102,n6117
n6102,n6114
n6102,n6113
n6102,n6103
n6102,n3177
n6102,n252
n6102,n6106
n6102,n6115
n6102,n6105
n6102,n6108
n6102,n6112
n6102,n6110
n6102,n2078
n6102,n6104
n6118,n6132
n6118,n6134
n6118,n6121
n6118,n6136
n6118,n6142
n6118,n6143
n6118,n6122
n6118,n6141
n6118,n6145
n6118,n6119
n6118,n6127
n6118,n6137
n6118,n6123
n6118,n6120
n6118,n6144
n6118,n6139
n6118,n6124
n6118,n6138
n6118,n6128
n6118,n6130
n6118,n6125
n6118,n6133
n6118,n6140
n6118,n6131
n6118,n6129
n6118,n6135
n6118,n6126
n6146,n6162
n6146,n6181
n6146,n6153
n6146,n6156
n6146,n6166
n6146,n6167
n6146,n6147
n6146,n6158
n6146,n6188
n6146,n6148
n6146,n6170
n6146,n6172
n6146,n6160
n6146,n6179
n6146,n6161
n6146,n6177
n6146,n6186
n6146,n5941
n6146,n6178
n6146,n6152
n6146,n6169
n6146,n6159
n6146,n6149
n6146,n6182
n6146,n6187
n6146,n6151
n6146,n6168
n6146,n6174
n6146,n6171
n6146,n6175
n6146,n6157
n6146,n5222
n6146,n6180
n6146,n65
n6146,n6184
n6146,n6150
n6146,n6183
n6146,n6155
n6146,n6163
n6146,n4748
n6146,n6164
n6146,n6185
n6146,n6154
n6146,n6165
n6146,n6176
n6146,n6173
n6189,n6190
n6191,n4183
n6192,n6210
n6192,n6199
n6192,n6202
n6192,n6208
n6192,n6215
n6192,n6195
n6192,n6206
n6192,n3156
n6192,n43
n6192,n6209
n6192,n6218
n6192,n6213
n6192,n6201
n6192,n6200
n6192,n6217
n6192,n6193
n6192,n6214
n6192,n6204
n6192,n6207
n6192,n6205
n6192,n6197
n6192,n6216
n6192,n6194
n6192,n6198
n6192,n3058
n6192,n6196
n6192,n6203
n6192,n6211
n6192,n6212
n772,n6240
n772,n6247
n772,n6297
n772,n6284
n772,n6270
n772,n6279
n772,n6299
n772,n6224
n772,n3156
n772,n6220
n772,n6255
n772,n6237
n772,n6254
n772,n6225
n772,n6229
n772,n6256
n772,n6110
n772,n3861
n772,n6259
n772,n6286
n772,n6294
n772,n1633
n772,n6288
n772,n6233
n772,n1609
n772,n6278
n772,n6242
n772,n6276
n772,n6251
n772,n6230
n772,n6271
n772,n6226
n772,n1622
n772,n6246
n772,n6274
n772,n6262
n772,n6290
n772,n6245
n772,n6293
n772,n6296
n772,n6283
n772,n6272
n772,n6282
n772,n6261
n772,n6219
n772,n6244
n772,n6234
n772,n6285
n772,n6277
n772,n6268
n772,n6223
n772,n6241
n772,n6212
n772,n6221
n772,n6253
n772,n6281
n772,n6265
n772,n6238
n772,n4382
n772,n6252
n772,n6267
n772,n6232
n772,n6273
n772,n6250
n772,n6263
n772,n6260
n772,n6228
n772,n6269
n772,n6257
n772,n2437
n772,n5635
n772,n6227
n772,n3151
n772,n6280
n772,n6222
n772,n6258
n772,n400
n772,n3546
n772,n6236
n772,n6235
n772,n6292
n772,n6248
n772,n6249
n772,n6289
n772,n6243
n772,n6231
n772,n6287
n772,n892
n772,n6291
n772,n6295
n772,n6266
n772,n3119
n772,n6298
n772,n6239
n772,n6264
n772,n6275
n6300,n6325
n6300,n6318
n6300,n6321
n6300,n6326
n6300,n4038
n6300,n6341
n6300,n6317
n6300,n6307
n6300,n6344
n6300,n6314
n6300,n6322
n6300,n6311
n6300,n6347
n6300,n6320
n6300,n6308
n6300,n6315
n6300,n6319
n6300,n6301
n6300,n6329
n6300,n6337
n6300,n6346
n6300,n6309
n6300,n6310
n6300,n6343
n6300,n6324
n6300,n6339
n6300,n6355
n6300,n6333
n6300,n6312
n6300,n4945
n6300,n6334
n6300,n6303
n6300,n6338
n6300,n6353
n6300,n6323
n6300,n6302
n6300,n6354
n6300,n6304
n6300,n6345
n6300,n6335
n6300,n6348
n6300,n6352
n6300,n6327
n6300,n6328
n6300,n6340
n6300,n6331
n6300,n6305
n6300,n6332
n6300,n4359
n6300,n6313
n6300,n6316
n6300,n6351
n6300,n6342
n6300,n65
n6300,n6306
n6300,n6350
n6300,n6336
n6300,n6330
n6300,n6349
n6356,n6399
n6356,n6400
n6356,n6392
n6356,n6369
n6356,n6365
n6356,n6406
n6356,n6220
n6356,n6407
n6356,n6408
n6356,n6393
n6356,n6358
n6356,n6391
n6356,n6390
n6356,n6374
n6356,n6362
n6356,n6372
n6356,n6395
n6356,n6380
n6356,n6382
n6356,n6375
n6356,n6363
n6356,n3113
n6356,n6370
n6356,n6388
n6356,n6379
n6356,n6377
n6356,n6381
n6356,n6357
n6356,n6371
n6356,n6387
n6356,n6389
n6356,n6376
n6356,n6378
n6356,n6367
n6356,n6396
n6356,n6405
n6356,n6368
n6356,n6398
n6356,n4374
n6356,n6383
n6356,n6364
n6356,n6409
n6356,n6366
n6356,n6394
n6356,n6397
n6356,n6384
n6356,n6360
n6356,n6401
n6356,n6359
n6356,n6373
n6356,n6403
n6356,n65
n6356,n6402
n6356,n6404
n6356,n6386
n6356,n6412
n6356,n3239
n6356,n6411
n6356,n6361
n6356,n6410
n6356,n6415
n6356,n6385
n6356,n6212
n6413,n4183
n6414,n6429
n6414,n6430
n6414,n3106
n6414,n6428
n6414,n6417
n6414,n6426
n6414,n6420
n6414,n6416
n6414,n6422
n6414,n6427
n6414,n6418
n6414,n6390
n6414,n6425
n6414,n6419
n6414,n6421
n6414,n6424
n6414,n6423
n6414,n6415
n6414,n6212
n6431,n6443
n6431,n6434
n6431,n6446
n6431,n6437
n6431,n6447
n6431,n6439
n6431,n6432
n6431,n6448
n6431,n6438
n6431,n6435
n6431,n6444
n6431,n6440
n6431,n6441
n6431,n6433
n6431,n6445
n6431,n6436
n6431,n6442
n6449,n6485
n6449,n6494
n6449,n6496
n6449,n6484
n6449,n6516
n6449,n6459
n6449,n6466
n6449,n6487
n6449,n6497
n6449,n6220
n6449,n6492
n6449,n6456
n6449,n6512
n6449,n6507
n6449,n6465
n6449,n6452
n6449,n6390
n6449,n6454
n6449,n6474
n6449,n3861
n6449,n6486
n6449,n6522
n6449,n6472
n6449,n6455
n6449,n6380
n6449,n6463
n6449,n6514
n6449,n6520
n6449,n6467
n6449,n1232
n6449,n6483
n6449,n3088
n6449,n5765
n6449,n6506
n6449,n6453
n6449,n6475
n6449,n4606
n6449,n6519
n6449,n6450
n6449,n6461
n6449,n6468
n6449,n6462
n6449,n4615
n6449,n6464
n6449,n6511
n6449,n6457
n6449,n6471
n6449,n880
n6449,n6490
n6449,n6476
n6449,n6518
n6449,n6513
n6449,n6508
n6449,n6480
n6449,n6510
n6449,n6517
n6449,n6469
n6449,n6521
n6449,n6479
n6449,n6481
n6449,n6505
n6449,n6213
n6449,n6502
n6449,n6509
n6449,n6460
n6449,n6493
n6449,n4617
n6449,n6489
n6449,n6473
n6449,n6451
n6449,n6500
n6449,n6504
n6449,n6515
n6449,n6501
n6449,n6495
n6449,n6503
n6449,n6478
n6449,n6458
n6449,n6482
n6449,n1810
n6449,n6499
n6449,n6498
n6449,n6477
n6449,n6415
n6449,n6470
n6449,n6488
n6449,n6491
n6449,n6212
n6523,n6438
n6523,n6548
n6523,n6528
n6523,n6525
n6523,n6529
n6523,n6530
n6523,n6526
n6523,n6527
n6523,n6442
n6523,n6531
n6523,n6524
n6532,n6533
n6534,n6533
n6535,n6533
n6536,n6537
n6536,n6545
n6536,n6539
n6536,n6540
n6536,n6546
n6536,n6544
n6536,n6548
n6536,n6538
n6536,n6542
n6536,n6543
n6536,n6547
n6536,n6541
n6536,n6442
n6549,n6552
n6549,n6553
n6549,n6555
n6549,n6556
n6549,n6442
n6549,n6550
n6549,n6551
n6549,n6554
n6557,n6565
n6557,n6574
n6557,n6564
n6557,n6558
n6557,n6571
n6557,n6568
n6557,n6575
n6557,n4022
n6557,n6560
n6557,n5954
n6557,n6561
n6557,n6562
n6557,n6567
n6557,n6569
n6557,n6570
n6557,n6559
n6557,n6566
n6557,n6563
n6557,n6573
n6557,n6572
